"Post ID","Page ID","Page name",Title,Description,"Duration (sec)","Publish time","Caption type",Permalink,"Is crosspost","Is share","Post type",Languages,"Custom labels","Funded content status","Data comment",Date,Views,"Views from Organic posts","Views from Boosted posts",Reach,"Reach from Organic posts","Reach from Boosted posts","3-second video views","1-minute video views","3-Second viewers","1-minute viewers","3-second video views from Boosted posts","3-second video views from Organic posts","Reactions, Comments and Shares",Reactions,Comments,Shares,"Seconds viewed","Average Seconds viewed"
1168834171933140,100064197037125,"PC Merchandise","One more rig complete. One more client satisfied. Built with pride by PC Merchandise 
🔎𝐋𝐎𝐎𝐊𝐈𝐍𝐆 𝐅𝐎𝐑 𝐂𝐎𝐌𝐏𝐔𝐓𝐄𝐑 𝐒𝐄𝐓?
💻𝐋𝐈𝐒𝐓 𝐎𝐅 𝐏𝐂 𝐒𝐄𝐓𝐒 ↓↓↓
➢ https://pcmerchandise.live/LIST-PC-SET-2025
🛒 𝗟𝗮𝘇𝗮𝗱𝗮
➢ https://www.lazada.com.ph/shop/pcmerchandise-co
🆂 𝗦𝗵𝗼𝗽𝗲𝗲
➢ https://www.shopee.ph/pcmerchandise.co
ꚠ 𝗧𝗶𝗸𝘁𝗼𝗸
➢ www.tiktok.com/@pcmerchandise.co
📍 Location:
Pin: PC MERCHANDISE MUZON (gmaps/waze).
Exact: B2 L2, Zone II, Muzon, CSJDM, Bulacan.
Landmark: Simplicity
Near La Conception College, Muzon, and in front of BDO.",,0,"09/01/2025 21:13",N/A,https://www.facebook.com/pcmerchandise.co/posts/pfbid0XtazQHmuAmbSsMoJDjgYf6QdMNJTnHNf3kto2nKLfvGfHc7kbti5ZxWiWLbYsWGKl,0,0,Photos,,,,,Lifetime,1628,1628,0,923,923,0,0,0,0,0,0,0,7,6,1,0,,
1192620039554553,100064197037125,"PC Merchandise","Negosyo starts today! Complete computer shop packages ready. PM now!

𝐂𝐎𝐌𝐒𝐇𝐎𝐏 𝐏𝐑𝐈𝐂𝐄𝐋𝐈𝐒𝐓 >>>
https://pcmerchandise.live/2025-BERMONTHS-LIST-COMSHOP",,0,"09/30/2025 22:00",N/A,https://www.facebook.com/pcmerchandise.co/posts/pfbid02QSsthvQdtkKcuukHKuPcLD9ZZqoJH8e71Y2cLRazhdKhpKDYnNhFti3ozEvZ84mpl,0,0,Photos,,,,,Lifetime,5348,5348,0,3618,3618,0,0,0,0,0,0,0,5,4,0,1,,
1192508222899068,100064197037125,"PC Merchandise","𝐇𝐢𝐠𝐡𝐥𝐢𝐠𝐡𝐭𝐬 𝐟𝐨𝐫 𝐭𝐨𝐝𝐚𝐲! 𝐑𝐲𝐳𝐞𝐧 𝟕 𝟓𝟕𝟎𝟎𝐗 𝐰/ 𝐑𝐗𝟔𝟔𝟎𝟎 #pcmerchandise #pcmbuild","𝐇𝐢𝐠𝐡𝐥𝐢𝐠𝐡𝐭𝐬 𝐟𝐨𝐫 𝐭𝐨𝐝𝐚𝐲! 𝐑𝐲𝐳𝐞𝐧 𝟕 𝟓𝟕𝟎𝟎𝐗 𝐰/ 𝐑𝐗𝟔𝟔𝟎𝟎 #pcmerchandise #pcmbuild",62,"09/30/2025 19:01",mixed,https://www.facebook.com/reel/1561386121523846/,1,0,Reels,,,,,Lifetime,983,984,0,720,720,0,,,,,0,229,4,4,0,0,4395.683,5.189
1192374522912438,100064197037125,"PC Merchandise","Panalo ka na sa setup, panalo pa sa price.  Chat now!
🔎𝐋𝐎𝐎𝐊𝐈𝐍𝐆 𝐅𝐎𝐑 𝐂𝐎𝐌𝐏𝐔𝐓𝐄𝐑 𝐒𝐄𝐓?
💻𝐋𝐈𝐒𝐓 𝐎𝐅 𝐏𝐂 𝐒𝐄𝐓𝐒 ↓↓↓
➢ https://pcmerchandise.live/LIST-PC-SET-2025
🛒 𝗟𝗮𝘇𝗮𝗱𝗮
➢ https://www.lazada.com.ph/shop/pcmerchandise-co
🆂 𝗦𝗵𝗼𝗽𝗲𝗲
➢ https://www.shopee.ph/pcmerchandise.co
ꚠ 𝗧𝗶𝗸𝘁𝗼𝗸
➢ www.tiktok.com/@pcmerchandise.co
📍 Location:
Pin: PC MERCHANDISE MUZON (gmaps/waze).
Exact: B2 L2, Zone II, Muzon, CSJDM, Bulacan.
Landmark: Simplicity
Near La Conception College, Muzon, and in front of BDO.",,0,"09/30/2025 15:00",N/A,https://www.facebook.com/pcmerchandise.co/posts/pfbid02P8eewhF3jJk2LyN3WP3RK35k7j1vuEfHryGszk5qe1sSHYxp16VYZjPMTXJULdN5l,0,0,Photos,,,,,Lifetime,1935,1935,0,1112,1112,0,0,0,0,0,0,0,5,4,0,1,,
1190715059745051,100064197037125,"PC Merchandise","Big thanks for your purchase! 💻🚀 We appreciate your support.
𝐂𝐎𝐌𝐒𝐇𝐎𝐏 𝐏𝐑𝐈𝐂𝐄𝐋𝐈𝐒𝐓 >>>
https://pcmerchandise.live/2025-BERMONTHS-LIST-COMSHOP",,0,"09/28/2025 19:00",N/A,https://www.facebook.com/pcmerchandise.co/posts/pfbid0zMrysPqcBzHEEwazjYXHbFmheWy64hgEgCQei9KP8J9k4LGeJQrm3SW7YXS3MYgZl,0,0,Photos,,,,,Lifetime,4550,4550,0,2819,2819,0,0,0,0,0,0,0,20,17,2,1,,
1190649063084984,100064197037125,"PC Merchandise","Are you looking for a premium gaming build that is budget-friendly? My installment pa? 𝐈𝐧𝐪𝐮𝐢𝐫𝐞 𝐧𝐨𝐰!","Are you looking for a premium gaming build that is budget-friendly? My installment pa? 𝐈𝐧𝐪𝐮𝐢𝐫𝐞 𝐧𝐨𝐰!",52,"09/28/2025 17:00",N/A,https://www.facebook.com/reel/2650164815315208/,1,0,Reels,,,,,Lifetime,1277,1273,0,1013,1013,0,,,,,0,320,8,5,3,0,7379.64,6.727
1189879309828626,100064197037125,"PC Merchandise","Welcome to your one-stop PC shop! 💻🔥 Gaming? Work? Study? We’ve got the right build for you. PC Merchandise 
𝐂𝐎𝐌𝐒𝐇𝐎𝐏 𝐏𝐑𝐈𝐂𝐄𝐋𝐈𝐒𝐓 >>>
https://pcmerchandise.live/2025-BERMONTHS-LIST-COMSHOP",,0,"09/27/2025 19:00",N/A,https://www.facebook.com/pcmerchandise.co/posts/pfbid0GWzhBi7qxfB7aGgWmHzmA4LdchVEGyCQwBRrhMEYFvgV7TWbtdwh2VvBWWQ8W9Vml,0,0,Photos,,,,,Lifetime,3374,3374,0,2138,2138,0,0,0,0,0,0,0,5,3,1,1,,
1189816669834890,100064197037125,"PC Merchandise","𝐑𝐘𝐙𝐄𝐍 𝟕 𝟓𝟕𝟎𝟎𝐗 𝐰/ 𝐑𝐓𝐗𝟒𝟎𝟔𝟎
𝐆𝐀𝐌𝐈𝐍𝐆 𝐁𝐔𝐈𝐋𝐃
#𝐏𝐂𝐌𝐄𝐑𝐂𝐇𝐀𝐍𝐃𝐈𝐒𝐄 #𝐏𝐂𝐌𝐁𝐔𝐈𝐋𝐃
𝐏𝐑𝐈𝐂𝐄𝐋𝐈𝐒𝐓 >>>
https://pcmerchandise.live/LIST-PC-SET-2025","𝐑𝐘𝐙𝐄𝐍 𝟕 𝟓𝟕𝟎𝟎𝐗 𝐰/ 𝐑𝐓𝐗𝟒𝟎𝟔𝟎
𝐆𝐀𝐌𝐈𝐍𝐆 𝐁𝐔𝐈𝐋𝐃
#𝐏𝐂𝐌𝐄𝐑𝐂𝐇𝐀𝐍𝐃𝐈𝐒𝐄 #𝐏𝐂𝐌𝐁𝐔𝐈𝐋𝐃
𝐏𝐑𝐈𝐂𝐄𝐋𝐈𝐒𝐓 >>>
https://pcmerchandise.live/LIST-PC-SET-2025",53,"09/27/2025 17:00",N/A,https://www.facebook.com/reel/2231633037306273/,1,0,Reels,,,,,Lifetime,1384,1384,0,1147,1147,0,,,,,0,370,8,6,2,0,5914.347,4.978
1189181123231778,100064197037125,"PC Merchandise","𝐒𝐎𝐋𝐃 𝐑𝐘𝐙𝐄𝐍 𝟓 𝟓𝟔𝟎𝟎𝐆 (4𝐏𝐂𝐒)
𝐂𝐎𝐌𝐒𝐇𝐎𝐏 𝐏𝐀𝐂𝐊𝐀𝐆𝐄
#𝐏𝐂𝐌𝐄𝐑𝐂𝐇𝐀𝐍𝐃𝐈𝐒𝐄 #𝐏𝐂𝐌𝐁𝐔𝐈𝐋𝐃
𝐂𝐎𝐌𝐒𝐇𝐎𝐏 𝐏𝐑𝐈𝐂𝐄𝐋𝐈𝐒𝐓 >>>
https://pcmerchandise.live/2025-BERMONTHS-LIST-COMSHOP","𝐒𝐎𝐋𝐃 𝐑𝐘𝐙𝐄𝐍 𝟓 𝟓𝟔𝟎𝟎𝐆 (4𝐏𝐂𝐒)
𝐂𝐎𝐌𝐒𝐇𝐎𝐏 𝐏𝐀𝐂𝐊𝐀𝐆𝐄
#𝐏𝐂𝐌𝐄𝐑𝐂𝐇𝐀𝐍𝐃𝐈𝐒𝐄 #𝐏𝐂𝐌𝐁𝐔𝐈𝐋𝐃
𝐂𝐎𝐌𝐒𝐇𝐎𝐏 𝐏𝐑𝐈𝐂𝐄𝐋𝐈𝐒𝐓 >>>
https://pcmerchandise.live/2025-BERMONTHS-LIST-COMSHOP",72,"09/26/2025 23:02",N/A,https://www.facebook.com/reel/1295062185165891/,0,0,Reels,,,,,Lifetime,3840,1636,2232,2641,1221,1569,,,,,485,454,55,40,12,3,23762.405,7.051
1189042296578994,100064197037125,"PC Merchandise","Computer needs? Solved! 💻🚀 Visit us today and find the perfect setup.
𝐂𝐎𝐌𝐒𝐇𝐎𝐏 𝐏𝐑𝐈𝐂𝐄𝐋𝐈𝐒𝐓 >>>
https://pcmerchandise.live/2025-BERMONTHS-LIST-COMSHOP",,0,"09/26/2025 19:00",N/A,https://www.facebook.com/pcmerchandise.co/posts/pfbid02jKVTzVkpnMZzAyQerpZT88hfRCnegFyFRBYoC64eHbMH1NRazSqQAebv6EYRZSjEl,0,0,Photos,,,,,Lifetime,4082,4082,0,2549,2549,0,0,0,0,0,0,0,7,6,0,1,,
1188977819918775,100064197037125,"PC Merchandise","𝐑𝐲𝐳𝐞𝐧 𝟕 𝟓𝟕𝟎𝟎𝐆 𝐏𝐈𝐍𝐊 𝐆𝐚𝐦𝐢𝐧𝐠 𝐁𝐮𝐢𝐥𝐝 #pcmerchandise #PCMBUILD","𝐑𝐲𝐳𝐞𝐧 𝟕 𝟓𝟕𝟎𝟎𝐆 𝐏𝐈𝐍𝐊 𝐆𝐚𝐦𝐢𝐧𝐠 𝐁𝐮𝐢𝐥𝐝 #pcmerchandise #PCMBUILD",60,"09/26/2025 17:00",N/A,https://www.facebook.com/reel/1545694740199474/,1,0,Reels,,,,,Lifetime,1153,1148,0,959,959,0,,,,,0,381,8,7,1,0,10033.848,10.301
1188271063322784,100064197037125,"PC Merchandise",,,0,"09/25/2025 20:49",N/A,https://www.facebook.com/pcmerchandise.co/posts/pfbid02ExEvc52y4721w2p8M6e6mi7hYjvNx1eH1moTFadtjXd6EUN6LuGibLTzLnim22tzl,0,1,Photos,,,,,Lifetime,1667,1667,0,864,864,0,0,0,0,0,0,0,5,5,0,0,,
1188207516662472,100064197037125,"PC Merchandise","Another happy customer 😍💯 Kaya kung naghahanap ka ng solid build, huwag magpahuli!
🔎𝐋𝐎𝐎𝐊𝐈𝐍𝐆 𝐅𝐎𝐑 𝐂𝐎𝐌𝐏𝐔𝐓𝐄𝐑 𝐒𝐄𝐓?
💻𝐋𝐈𝐒𝐓 𝐎𝐅 𝐏𝐂 𝐒𝐄𝐓𝐒 ↓↓↓
➢ https://pcmerchandise.live/LIST-PC-SET-2025
🛒 𝗟𝗮𝘇𝗮𝗱𝗮
➢ https://www.lazada.com.ph/shop/pcmerchandise-co
🆂 𝗦𝗵𝗼𝗽𝗲𝗲
➢ https://www.shopee.ph/pcmerchandise.co
ꚠ 𝗧𝗶𝗸𝘁𝗼𝗸
➢ www.tiktok.com/@pcmerchandise.co
📍 Location:
Pin: PC MERCHANDISE MUZON (gmaps/waze).
Exact: B2 L2, Zone II, Muzon, CSJDM, Bulacan.
Landmark: Simplicity
Near La Conception College, Muzon, and in front of BDO.",,0,"09/25/2025 19:00",N/A,https://www.facebook.com/pcmerchandise.co/posts/pfbid0LPCn5nb9uHLRp7y8rcVNf6v5eY7T14ni3Dfcye4nonoY4SFpeyZaaEvw2y26wGx7l,0,0,Photos,,,,,Lifetime,2727,2727,0,1558,1558,0,0,0,0,0,0,0,11,8,1,2,,
1188145596668664,100064197037125,"PC Merchandise","𝐇𝐢𝐠𝐡𝐥𝐢𝐠𝐡𝐭𝐬 𝐟𝐨𝐫 𝐭𝐨𝐝𝐚𝐲!
𝐑𝐘𝐙𝐄𝐍 𝟕 𝟓𝟕𝟎𝟎𝐗 𝐰/ 𝐑𝐓𝐗 𝟒𝟎𝟔𝟎
#𝐏𝐂𝐌𝐄𝐑𝐂𝐇𝐀𝐍𝐃𝐈𝐒𝐄 #𝐏𝐂𝐌𝐁𝐔𝐈𝐋𝐃
𝐏𝐑𝐈𝐂𝐄𝐋𝐈𝐒𝐓 >>>
https://pcmerchandise.live/LIST-PC-SET-2025","𝐇𝐢𝐠𝐡𝐥𝐢𝐠𝐡𝐭𝐬 𝐟𝐨𝐫 𝐭𝐨𝐝𝐚𝐲!
𝐑𝐘𝐙𝐄𝐍 𝟕 𝟓𝟕𝟎𝟎𝐗 𝐰/ 𝐑𝐓𝐗 𝟒𝟎𝟔𝟎
#𝐏𝐂𝐌𝐄𝐑𝐂𝐇𝐀𝐍𝐃𝐈𝐒𝐄 #𝐏𝐂𝐌𝐁𝐔𝐈𝐋𝐃
𝐏𝐑𝐈𝐂𝐄𝐋𝐈𝐒𝐓 >>>
https://pcmerchandise.live/LIST-PC-SET-2025",28,"09/25/2025 17:00",N/A,https://www.facebook.com/reel/782571704671061/,1,0,Reels,,,,,Lifetime,1286,1287,0,1095,1095,0,,,,,0,274,7,6,1,0,4433.836,3.998
1188055640010993,100064197037125,"PC Merchandise","Store Maintenance Update 📢

Our physical store will be closed from September 26 to 28, 2025, for maintenance. 🛠️

But don’t worry — our online store is OPEN during these dates, so you can still shop with us anytime!

We’ll be back to regular operations on September 29, 2025.
Thank you for your patience and support!❤️

#PCMERCHANDISE #storefront",,0,"09/25/2025 15:00",N/A,https://www.facebook.com/pcmerchandise.co/posts/pfbid02NUeLHvxNpZ6e65PYuGPfu2M9bMxpY66LDQF4Fc5KVnJe7qtrJWygxjmvaBeKiP7Ml,0,0,Photos,,,,,Lifetime,3688,3688,0,2252,2252,0,0,0,0,0,0,0,25,17,3,5,,
1187503183399572,100064197037125,"PC Merchandise","𝐑𝐘𝐙𝐄𝐍 𝟓 𝟑𝟒𝟎𝟎𝐆 (𝟔𝐏𝐂𝐒)
𝐂𝐎𝐌𝐒𝐇𝐎𝐏 𝐏𝐀𝐂𝐊𝐀𝐆𝐄
#𝐏𝐂𝐌𝐄𝐑𝐂𝐇𝐀𝐍𝐃𝐈𝐒𝐄 #𝐏𝐂𝐌𝐁𝐔𝐈𝐋𝐃
𝐂𝐎𝐌𝐒𝐇𝐎𝐏 𝐏𝐑𝐈𝐂𝐄𝐋𝐈𝐒𝐓 >>>
https://pcmerchandise.live/2025-BERMONTHS-LIST-COMSHOP","𝐑𝐘𝐙𝐄𝐍 𝟓 𝟑𝟒𝟎𝟎𝐆 (𝟔𝐏𝐂𝐒)
𝐂𝐎𝐌𝐒𝐇𝐎𝐏 𝐏𝐀𝐂𝐊𝐀𝐆𝐄
#𝐏𝐂𝐌𝐄𝐑𝐂𝐇𝐀𝐍𝐃𝐈𝐒𝐄 #𝐏𝐂𝐌𝐁𝐔𝐈𝐋𝐃
𝐂𝐎𝐌𝐒𝐇𝐎𝐏 𝐏𝐑𝐈𝐂𝐄𝐋𝐈𝐒𝐓 >>>
https://pcmerchandise.live/2025-BERMONTHS-LIST-COMSHOP",64,"09/24/2025 22:01",N/A,https://www.facebook.com/reel/25695216053412110/,1,0,Reels,,,,,Lifetime,1060,1057,0,854,854,0,,,,,0,280,12,8,4,0,5986.3,6.756
1187403756742848,100064197037125,"PC Merchandise","Kung sila nakahanap ng perfect PC, ikaw na lang ang hinihintay. 😉
Message us now!  PC Merchandise 
𝐂𝐎𝐌𝐒𝐇𝐎𝐏 𝐏𝐑𝐈𝐂𝐄𝐋𝐈𝐒𝐓 >>>
https://pcmerchandise.live/2025-BERMONTHS-LIST-COMSHOP",,0,"09/24/2025 19:00",N/A,https://www.facebook.com/pcmerchandise.co/posts/pfbid0NAjayv5VzkJcpFZXyDz5LV7RohHPpsKwwX6vqtS6Ftf55PEoWExuDmxkKp1RKmnil,0,0,Photos,,,,,Lifetime,3441,3441,0,2090,2090,0,0,0,0,0,0,0,12,8,2,2,,
1187341833415707,100064197037125,"PC Merchandise","𝐓𝐇𝐄 𝐑𝐘𝐙𝐄𝐍 𝟓 𝟓𝟔𝟎𝟎𝐆 
𝐂𝐘𝐁𝐎𝐑𝐆 𝐖𝐇𝐈𝐓𝐄
#𝐏𝐂𝐌𝐄𝐑𝐂𝐇𝐀𝐍𝐃𝐈𝐒𝐄 #𝐏𝐂𝐌𝐁𝐔𝐈𝐋𝐃
𝐏𝐑𝐈𝐂𝐄𝐋𝐈𝐒𝐓 >>>
https://pcmerchandise.live/LIST-PC-SET-2025","𝐓𝐇𝐄 𝐑𝐘𝐙𝐄𝐍 𝟓 𝟓𝟔𝟎𝟎𝐆 
𝐂𝐘𝐁𝐎𝐑𝐆 𝐖𝐇𝐈𝐓𝐄
#𝐏𝐂𝐌𝐄𝐑𝐂𝐇𝐀𝐍𝐃𝐈𝐒𝐄 #𝐏𝐂𝐌𝐁𝐔𝐈𝐋𝐃
𝐏𝐑𝐈𝐂𝐄𝐋𝐈𝐒𝐓 >>>
https://pcmerchandise.live/LIST-PC-SET-2025",81,"09/24/2025 17:00",N/A,https://www.facebook.com/reel/785617000731438/,1,0,Reels,,,,,Lifetime,926,925,0,807,807,0,,,,,0,213,10,8,2,0,4074.132,4.98
1186622053487685,100064197037125,"PC Merchandise","𝐑𝐘𝐙𝐄𝐍 𝟓 𝟑𝟒𝟎𝟎𝐆 (𝟔𝐏𝐂𝐒)
𝐂𝐎𝐌𝐒𝐇𝐎𝐏 𝐏𝐀𝐂𝐊𝐀𝐆𝐄
#𝐏𝐂𝐌𝐄𝐑𝐂𝐇𝐀𝐍𝐃𝐈𝐒𝐄 #𝐏𝐂𝐌𝐁𝐔𝐈𝐋𝐃
𝐂𝐎𝐌𝐒𝐇𝐎𝐏 𝐏𝐑𝐈𝐂𝐄𝐋𝐈𝐒𝐓 >>>
https://pcmerchandise.live/2025-BERMONTHS-LIST-COMSHOP","𝐑𝐘𝐙𝐄𝐍 𝟓 𝟑𝟒𝟎𝟎𝐆 (𝟔𝐏𝐂𝐒)
𝐂𝐎𝐌𝐒𝐇𝐎𝐏 𝐏𝐀𝐂𝐊𝐀𝐆𝐄
#𝐏𝐂𝐌𝐄𝐑𝐂𝐇𝐀𝐍𝐃𝐈𝐒𝐄 #𝐏𝐂𝐌𝐁𝐔𝐈𝐋𝐃
𝐂𝐎𝐌𝐒𝐇𝐎𝐏 𝐏𝐑𝐈𝐂𝐄𝐋𝐈𝐒𝐓 >>>
https://pcmerchandise.live/2025-BERMONTHS-LIST-COMSHOP",68,"09/23/2025 22:01",N/A,https://www.facebook.com/reel/24840875108912447/,1,0,Reels,,,,,Lifetime,1175,1175,0,1018,1018,0,,,,,0,270,12,8,4,0,6452.381,6.388
1186518153498075,100064197037125,"PC Merchandise","Game on! Ready na ang bagong rig mula PC Merchandise . 🎮
🔎𝐋𝐎𝐎𝐊𝐈𝐍𝐆 𝐅𝐎𝐑 𝐂𝐎𝐌𝐏𝐔𝐓𝐄𝐑 𝐒𝐄𝐓?
💻𝐋𝐈𝐒𝐓 𝐎𝐅 𝐏𝐂 𝐒𝐄𝐓𝐒 ↓↓↓
➢ https://pcmerchandise.live/LIST-PC-SET-2025
🛒 𝗟𝗮𝘇𝗮𝗱𝗮
➢ https://www.lazada.com.ph/shop/pcmerchandise-co
🆂 𝗦𝗵𝗼𝗽𝗲𝗲
➢ https://www.shopee.ph/pcmerchandise.co
ꚠ 𝗧𝗶𝗸𝘁𝗼𝗸
➢ www.tiktok.com/@pcmerchandise.co
📍 Location:
Pin: PC MERCHANDISE MUZON (gmaps/waze).
Exact: B2 L2, Zone II, Muzon, CSJDM, Bulacan.
Landmark: Simplicity
Near La Conception College, Muzon, and in front of BDO.",,0,"09/23/2025 19:00",N/A,https://www.facebook.com/pcmerchandise.co/posts/pfbid0B3xYuN86uV3DweigTscxQh4GS5Fth4NuqWQCnJNddMrKpNCvG2JH2ogaMzJqgJzJl,0,0,Photos,,,,,Lifetime,1359,1359,0,721,721,0,0,0,0,0,0,0,5,4,0,1,,
1186455616837662,100064197037125,"PC Merchandise","Want a gaming rig? Get this RYZEN 5 BUILD, a purely gaming on-budget build! #pcmerchandise","Want a gaming rig? Get this RYZEN 5 BUILD, a purely gaming on-budget build! #pcmerchandise",55,"09/23/2025 17:01",N/A,https://www.facebook.com/reel/25613440521589707/,1,0,Reels,,,,,Lifetime,870,870,0,819,819,0,,,,,0,173,7,5,2,0,2822.033,3.631
1185918870224670,100064197037125,"PC Merchandise","RYZEN 5 5600G (6 UNITS)
COMSHOP PACKAGE
#PCMERCHANDISE #PCMBUILD
𝐂𝐎𝐌𝐒𝐇𝐎𝐏 𝐏𝐑𝐈𝐂𝐄𝐋𝐈𝐒𝐓 >>>
https://pcmerchandise.live/2025-BERMONTHS-LIST-COMSHOP","RYZEN 5 5600G (6 UNITS)
COMSHOP PACKAGE
#PCMERCHANDISE #PCMBUILD
𝐂𝐎𝐌𝐒𝐇𝐎𝐏 𝐏𝐑𝐈𝐂𝐄𝐋𝐈𝐒𝐓 >>>
https://pcmerchandise.live/2025-BERMONTHS-LIST-COMSHOP",50,"09/23/2025 02:00",uploaded,https://www.facebook.com/reel/826459923242592/,1,0,Reels,,,,,Lifetime,868,868,0,710,710,0,,,,,0,279,8,7,1,0,5334.659,7.141
1185783426904881,100064197037125,"PC Merchandise","Start your own computer shop today! Negosyo package available. Message us now!

𝐂𝐎𝐌𝐒𝐇𝐎𝐏 𝐏𝐑𝐈𝐂𝐄𝐋𝐈𝐒𝐓 >>>
https://pcmerchandise.live/2025-BERMONTHS-LIST-COMSHOP",,0,"09/22/2025 22:00",N/A,https://www.facebook.com/pcmerchandise.co/posts/pfbid023tXGgRrMo1ACZSubrheN68xAydeq86i7gtM99cV1iKNVCfgkoFbMNVqBr7Jv27qsl,0,0,Photos,,,,,Lifetime,7655,7655,0,5216,5216,0,0,0,0,0,0,0,16,13,0,3,,
1185682600248297,100064197037125,"PC Merchandise","𝐑𝐘𝐙𝐄𝐍 𝟓 𝟓𝟔𝟎𝟎𝐆 𝐆𝐋𝐀𝐒𝐒 𝐁𝐋𝐀𝐂𝐊 𝐁𝐔𝐈𝐋𝐃 #𝐏𝐂𝐌𝐄𝐑𝐂𝐇𝐀𝐍𝐃𝐈𝐒𝐄 #𝐏𝐂𝐌𝐁𝐔𝐈𝐋𝐃","𝐑𝐘𝐙𝐄𝐍 𝟓 𝟓𝟔𝟎𝟎𝐆 𝐆𝐋𝐀𝐒𝐒 𝐁𝐋𝐀𝐂𝐊 𝐁𝐔𝐈𝐋𝐃 #𝐏𝐂𝐌𝐄𝐑𝐂𝐇𝐀𝐍𝐃𝐈𝐒𝐄 #𝐏𝐂𝐌𝐁𝐔𝐈𝐋𝐃",61,"09/22/2025 19:01",N/A,https://www.facebook.com/reel/2215979468877912/,1,0,Reels,,,,,Lifetime,787,787,0,695,695,0,,,,,0,169,8,7,1,0,3072.756,4.273
1185563300260227,100064197037125,"PC Merchandise","Level up your setup, level up your game! Order now and start winning.  Message us today!

🔎𝐋𝐎𝐎𝐊𝐈𝐍𝐆 𝐅𝐎𝐑 𝐂𝐎𝐌𝐏𝐔𝐓𝐄𝐑 𝐒𝐄𝐓?

💻𝐋𝐈𝐒𝐓 𝐎𝐅 𝐏𝐂 𝐒𝐄𝐓𝐒 ↓↓↓
➢ https://pcmerchandise.live/LIST-PC-SET-2025
🛒 𝗟𝗮𝘇𝗮𝗱𝗮
➢ https://www.lazada.com.ph/shop/pcmerchandise-co
🆂 𝗦𝗵𝗼𝗽𝗲𝗲
➢ https://www.shopee.ph/pcmerchandise.co
ꚠ 𝗧𝗶𝗸𝘁𝗼𝗸
➢ www.tiktok.com/@pcmerchandise.co
📍 Location:
Pin: PC MERCHANDISE MUZON (gmaps/waze).
Exact: B2 L2, Zone II, Muzon, CSJDM, Bulacan.
Landmark: Simplicity
Near La Conception College, Muzon, and in front of BDO.",,0,"09/22/2025 15:00",N/A,https://www.facebook.com/pcmerchandise.co/posts/pfbid094XKH9NKchPGZxxr6C9b3y9G6R2DL8uuAVHnzFtVAMP6ukZv7CkUAGJ7Tfa1xVLhl,0,0,Photos,,,,,Lifetime,1476,1476,0,803,803,0,0,0,0,0,0,0,6,5,0,1,,
1185090406974183,100064197037125,"PC Merchandise","𝐑𝐘𝐙𝐄𝐍 𝟓 𝟓𝟔𝟎𝟎𝐆 𝐂𝐘𝐁𝐎𝐑𝐆 𝐂𝐎𝐌𝐒𝐇𝐎𝐏 𝐏𝐀𝐂𝐊𝐀𝐆𝐄 #𝐏𝐂𝐌𝐄𝐑𝐂𝐇𝐀𝐍𝐃𝐈𝐒𝐄 #𝐏𝐂𝐌𝐁𝐔𝐈𝐋𝐃","𝐑𝐘𝐙𝐄𝐍 𝟓 𝟓𝟔𝟎𝟎𝐆 𝐂𝐘𝐁𝐎𝐑𝐆 𝐂𝐎𝐌𝐒𝐇𝐎𝐏 𝐏𝐀𝐂𝐊𝐀𝐆𝐄 #𝐏𝐂𝐌𝐄𝐑𝐂𝐇𝐀𝐍𝐃𝐈𝐒𝐄 #𝐏𝐂𝐌𝐁𝐔𝐈𝐋𝐃",90,"09/22/2025 02:00",auto,https://www.facebook.com/reel/1104681195112518/,1,0,Reels,,,,,Lifetime,1004,1004,0,760,760,0,,,,,0,278,12,9,3,0,7012.641,7.996
1184952953654595,100064197037125,"PC Merchandise","Mas mabilis magsimula ng business with our Negosyo Package. PM us today!

𝐂𝐎𝐌𝐒𝐇𝐎𝐏 𝐏𝐑𝐈𝐂𝐄𝐋𝐈𝐒𝐓 >>>
https://pcmerchandise.live/2025-BERMONTHS-LIST-COMSHOP",,0,"09/21/2025 22:00",N/A,https://www.facebook.com/pcmerchandise.co/posts/pfbid0ajiHCiw8sCLAdxCJNLbLYSy2X6WeeoDUpJsZMuFR4rXrFd5UsqJw5h6cwcgxd1nEl,0,0,Photos,,,,,Lifetime,2166,2166,0,1193,1193,0,0,0,0,0,0,0,19,17,0,2,,
1184848593665031,100064197037125,"PC Merchandise","𝐆𝐀𝐌𝐈𝐍𝐆 𝐁𝐔𝐈𝐋𝐃 𝐅𝐎𝐑 𝐘𝐎𝐔! #𝐏𝐂𝐌𝐄𝐑𝐂𝐇𝐀𝐍𝐃𝐈𝐒𝐄 #𝐩𝐜𝐦𝐥𝐚𝐧𝐠𝐦𝐚𝐥𝐚𝐤𝐚𝐬","𝐆𝐀𝐌𝐈𝐍𝐆 𝐁𝐔𝐈𝐋𝐃 𝐅𝐎𝐑 𝐘𝐎𝐔! #𝐏𝐂𝐌𝐄𝐑𝐂𝐇𝐀𝐍𝐃𝐈𝐒𝐄 #𝐩𝐜𝐦𝐥𝐚𝐧𝐠𝐦𝐚𝐥𝐚𝐤𝐚𝐬",55,"09/21/2025 19:01",auto,https://www.facebook.com/reel/695903903521843/,1,0,Reels,,,,,Lifetime,785,783,0,661,661,0,,,,,0,179,10,8,1,1,3362.856,4.831
1184203900396167,100064197037125,"PC Merchandise","𝐑𝐘𝐙𝐄𝐍 𝟓 (𝟏𝟎 𝐔𝐍𝐈𝐓𝐒) 𝐍𝐄𝐆𝐎𝐒𝐘𝐎 𝐏𝐀𝐂𝐊𝐀𝐆𝐄 #𝐏𝐂𝐌𝐄𝐑𝐂𝐇𝐀𝐍𝐃𝐈𝐒𝐄 #𝐏𝐂𝐌𝐁𝐔𝐈𝐋𝐃
𝐂𝐎𝐌𝐒𝐇𝐎𝐏 𝐏𝐑𝐈𝐂𝐄𝐋𝐈𝐒𝐓 >>>
https://pcmerchandise.live/2025-BERMONTHS-LIST-COMSHOP","𝐑𝐘𝐙𝐄𝐍 𝟓 (𝟏𝟎 𝐔𝐍𝐈𝐓𝐒) 𝐍𝐄𝐆𝐎𝐒𝐘𝐎 𝐏𝐀𝐂𝐊𝐀𝐆𝐄 #𝐏𝐂𝐌𝐄𝐑𝐂𝐇𝐀𝐍𝐃𝐈𝐒𝐄 #𝐏𝐂𝐌𝐁𝐔𝐈𝐋𝐃
𝐂𝐎𝐌𝐒𝐇𝐎𝐏 𝐏𝐑𝐈𝐂𝐄𝐋𝐈𝐒𝐓 >>>
https://pcmerchandise.live/2025-BERMONTHS-LIST-COMSHOP",87,"09/21/2025 02:01",mixed,https://www.facebook.com/reel/682067211580468/,1,0,Reels,,,,,Lifetime,819,819,0,645,645,0,,,,,0,218,9,9,0,0,6029.718,8.675
1184063137076910,100064197037125,"PC Merchandise","Dream negosyo mo? Kaya na today!  Start with our computer shop package.  Message us now!

𝐂𝐎𝐌𝐒𝐇𝐎𝐏 𝐏𝐑𝐈𝐂𝐄𝐋𝐈𝐒𝐓 >>>
https://pcmerchandise.live/2025-BERMONTHS-LIST-COMSHOP",,0,"09/20/2025 22:00",N/A,https://www.facebook.com/pcmerchandise.co/posts/pfbid02g5DJbrxGS5v6PZEwRKpQGZiT2Shc757LpqukzTT7g1T4pVd3URUiuhmRNY2ziRikl,0,0,Photos,,,,,Lifetime,2623,2623,0,1670,1670,0,0,0,0,0,0,0,10,8,1,1,,
1183961107087113,100064197037125,"PC Merchandise","𝐑𝐘𝐙𝐄𝐍 𝟕 𝟓𝟕𝟎𝟎𝐆 𝐆𝐋𝐀𝐒𝐒 𝐑𝐎𝐁𝐈𝐍 𝐌𝐈𝐍𝐈 𝐆𝐀𝐌𝐈𝐍𝐆 𝐁𝐔𝐈𝐋𝐃 #𝐏𝐂𝐌𝐄𝐑𝐂𝐇𝐀𝐍𝐃𝐈𝐒𝐄 #𝐏𝐂𝐌𝐁𝐔𝐈𝐋𝐃 𝐏𝐑𝐈𝐂𝐄𝐋𝐈𝐒𝐓 >>>
https://pcmerchandise.live/LIST-PC-SET-2025","𝐑𝐘𝐙𝐄𝐍 𝟕 𝟓𝟕𝟎𝟎𝐆 𝐆𝐋𝐀𝐒𝐒 𝐑𝐎𝐁𝐈𝐍 𝐌𝐈𝐍𝐈 𝐆𝐀𝐌𝐈𝐍𝐆 𝐁𝐔𝐈𝐋𝐃 #𝐏𝐂𝐌𝐄𝐑𝐂𝐇𝐀𝐍𝐃𝐈𝐒𝐄 #𝐏𝐂𝐌𝐁𝐔𝐈𝐋𝐃 𝐏𝐑𝐈𝐂𝐄𝐋𝐈𝐒𝐓 >>>
https://pcmerchandise.live/LIST-PC-SET-2025",65,"09/20/2025 19:01",N/A,https://www.facebook.com/reel/1813005179586342/,1,0,Reels,,,,,Lifetime,729,729,0,603,603,0,,,,,0,164,4,4,0,0,2836.861,4.488
1183884443761446,100064197037125,"PC Merchandise",😶,,0,"09/20/2025 17:00",N/A,https://www.facebook.com/pcmerchandise.co/posts/pfbid0mNRTLRZZCv2DwRifsvdE3Ux1pBEiD6kRa2ZHqqNxh8UmFtVgHzVYHjz95m26e3a9l,0,0,Photos,,,,,Lifetime,11752,11752,0,7914,7914,0,0,0,0,0,0,0,97,78,5,14,,
1183343197148904,100064197037125,"PC Merchandise","𝐏𝐑𝐄𝐌𝐈𝐔𝐌 𝐃𝐈𝐒𝐊𝐋𝐄𝐒𝐒 𝐒𝐄𝐓𝐔𝐏 𝟏𝟎𝐂𝐋𝐈𝐄𝐍𝐓𝐒 + 𝟏𝐒𝐄𝐑𝐕𝐄𝐑 + 𝟏𝐓𝐈𝐌𝐄𝐑 #pcmerchandise #PCMBUILD","𝐏𝐑𝐄𝐌𝐈𝐔𝐌 𝐃𝐈𝐒𝐊𝐋𝐄𝐒𝐒 𝐒𝐄𝐓𝐔𝐏 𝟏𝟎𝐂𝐋𝐈𝐄𝐍𝐓𝐒 + 𝟏𝐒𝐄𝐑𝐕𝐄𝐑 + 𝟏𝐓𝐈𝐌𝐄𝐑 #pcmerchandise #PCMBUILD",85,"09/20/2025 02:01",auto,https://www.facebook.com/reel/1327048332345563/,1,0,Reels,,,,,Lifetime,794,791,0,625,625,0,,,,,0,212,6,6,0,0,7548.45,11.232
1183190437164180,100064197037125,"PC Merchandise","Computer shop negosyo? Kami na bahala sa setup. 💻 PM to start!

𝐂𝐎𝐌𝐒𝐇𝐎𝐏 𝐏𝐑𝐈𝐂𝐄𝐋𝐈𝐒𝐓 >>>
https://pcmerchandise.live/2025-BERMONTHS-LIST-COMSHOP",,0,"09/19/2025 22:00",N/A,https://www.facebook.com/pcmerchandise.co/posts/pfbid05PtexYu85jSCo813HJ98t8kcpQY7ityUTagGFeGXqLzWdmvSz4eAj3t9ZsbGfG97l,0,0,Photos,,,,,Lifetime,5710,5710,0,3690,3690,0,0,0,0,0,0,0,14,11,2,1,,
1183086920507865,100064197037125,"PC Merchandise","Do you want an aesthetic build that matches your gaming needs? 𝐂𝐡𝐞𝐜𝐤 𝐭𝐡𝐢𝐬 𝐨𝐮𝐭: 𝐥𝐢𝐦𝐢𝐭𝐞𝐝 𝐬𝐭𝐨𝐜𝐤𝐬 𝐨𝐧𝐥𝐲!","Do you want an aesthetic build that matches your gaming needs? 𝐂𝐡𝐞𝐜𝐤 𝐭𝐡𝐢𝐬 𝐨𝐮𝐭: 𝐥𝐢𝐦𝐢𝐭𝐞𝐝 𝐬𝐭𝐨𝐜𝐤𝐬 𝐨𝐧𝐥𝐲!",53,"09/19/2025 19:01",mixed,https://www.facebook.com/reel/31421223414190111/,1,0,Reels,,,,,Lifetime,747,744,0,583,583,0,,,,,0,174,6,4,2,0,3708.427,5.812
1182958737187350,100064197037125,"PC Merchandise","Gaming setup na, COD pa! Order now and pay on delivery. Easy diba? PM today!

🔎𝐋𝐎𝐎𝐊𝐈𝐍𝐆 𝐅𝐎𝐑 𝐂𝐎𝐌𝐏𝐔𝐓𝐄𝐑 𝐒𝐄𝐓?

💻𝐋𝐈𝐒𝐓 𝐎𝐅 𝐏𝐂 𝐒𝐄𝐓𝐒 ↓↓↓
➢ https://pcmerchandise.live/LIST-PC-SET-2025
🛒 𝗟𝗮𝘇𝗮𝗱𝗮
➢ https://www.lazada.com.ph/shop/pcmerchandise-co
🆂 𝗦𝗵𝗼𝗽𝗲𝗲
➢ https://www.shopee.ph/pcmerchandise.co
ꚠ 𝗧𝗶𝗸𝘁𝗼𝗸
➢ www.tiktok.com/@pcmerchandise.co

📍 Location:
Pin: PC MERCHANDISE MUZON (gmaps/waze).
Exact: B2 L2, Zone II, Muzon, CSJDM, Bulacan.
Landmark: Simplicity
Near La Conception College, Muzon, and in front of BDO.",,0,"09/19/2025 15:00",N/A,https://www.facebook.com/pcmerchandise.co/posts/pfbid02eLCBWPpjgwsbCYS1PZ8c2F3j1H1fKpHuJ2AVGSkrZpcxA15YJXFnSyJdmm99qQuCl,0,0,Photos,,,,,Lifetime,3270,3270,0,1857,1857,0,0,0,0,0,0,0,14,11,2,1,,
1182485540568003,100064197037125,"PC Merchandise","𝐑𝐘𝐙𝐄𝐍 𝟓 - 𝟖 𝐏𝐂 𝐒𝐄𝐓 𝐂𝐎𝐌𝐏𝐔𝐓𝐄𝐑 𝐒𝐇𝐎𝐏 #𝐏𝐂𝐌𝐄𝐑𝐂𝐇𝐀𝐍𝐃𝐈𝐒𝐄 #𝐏𝐂𝐌𝐁𝐔𝐈𝐋𝐃","𝐑𝐘𝐙𝐄𝐍 𝟓 - 𝟖 𝐏𝐂 𝐒𝐄𝐓 𝐂𝐎𝐌𝐏𝐔𝐓𝐄𝐑 𝐒𝐇𝐎𝐏 #𝐏𝐂𝐌𝐄𝐑𝐂𝐇𝐀𝐍𝐃𝐈𝐒𝐄 #𝐏𝐂𝐌𝐁𝐔𝐈𝐋𝐃",90,"09/19/2025 02:01",auto,https://www.facebook.com/reel/1340411167686230/,1,0,Reels,,,,,Lifetime,1282,1279,0,785,785,0,,,,,0,340,11,6,5,0,9540.789,8.721
1182341897249034,100064197037125,"PC Merchandise","Extra kita? Extra saya? Start your iCafe negosyo with us! PM now.

𝐂𝐎𝐌𝐒𝐇𝐎𝐏 𝐏𝐑𝐈𝐂𝐄𝐋𝐈𝐒𝐓 >>>
https://pcmerchandise.live/2025-BERMONTHS-LIST-COMSHOP",,0,"09/18/2025 22:00",N/A,https://www.facebook.com/pcmerchandise.co/posts/pfbid0k1Tp8fFQ9zbp5oPrqqGjZBy4ijXn2mBij4eNMQy5akUqqFHQWZFkcx1FzYXG8i7fl,0,0,Photos,,,,,Lifetime,3083,3083,0,1988,1988,0,0,0,0,0,0,0,6,4,1,1,,
1182239563925934,100064197037125,"PC Merchandise","𝗛𝗜𝗚𝗛𝗟𝗜𝗚𝗛𝗧𝗦 𝗙𝗢𝗥 𝗧𝗢𝗗𝗔𝗬! 𝐓𝐇𝐄 𝐑𝐘𝐙𝐄𝐍 𝟕 𝟓𝟕𝟎𝟎𝐆 𝐑𝐎𝐁𝐈𝐍 𝐃𝐈𝐆𝐈𝐓𝐀𝐋 𝐂𝐀𝐒𝐄 #𝐏𝐂𝐌𝐄𝐑𝐂𝐇𝐀𝐍𝐃𝐈𝐒𝐄","𝗛𝗜𝗚𝗛𝗟𝗜𝗚𝗛𝗧𝗦 𝗙𝗢𝗥 𝗧𝗢𝗗𝗔𝗬! 𝐓𝐇𝐄 𝐑𝐘𝐙𝐄𝐍 𝟕 𝟓𝟕𝟎𝟎𝐆 𝐑𝐎𝐁𝐈𝐍 𝐃𝐈𝐆𝐈𝐓𝐀𝐋 𝐂𝐀𝐒𝐄 #𝐏𝐂𝐌𝐄𝐑𝐂𝐇𝐀𝐍𝐃𝐈𝐒𝐄",50,"09/18/2025 19:01",uploaded,https://www.facebook.com/reel/2484375691935825/,1,0,Reels,,,,,Lifetime,886,885,0,690,690,0,,,,,0,225,5,2,3,0,4615.703,6.154
1182119700604587,100064197037125,"PC Merchandise","Walang hassle, walang kaba.  Gaming PC delivered to your door, COD available! Chat us now.

🔎𝐋𝐎𝐎𝐊𝐈𝐍𝐆 𝐅𝐎𝐑 𝐂𝐎𝐌𝐏𝐔𝐓𝐄𝐑 𝐒𝐄𝐓?

💻𝐋𝐈𝐒𝐓 𝐎𝐅 𝐏𝐂 𝐒𝐄𝐓𝐒 ↓↓↓
➢ https://pcmerchandise.live/LIST-PC-SET-2025
🛒 𝗟𝗮𝘇𝗮𝗱𝗮
➢ https://www.lazada.com.ph/shop/pcmerchandise-co
🆂 𝗦𝗵𝗼𝗽𝗲𝗲
➢ https://www.shopee.ph/pcmerchandise.co
ꚠ 𝗧𝗶𝗸𝘁𝗼𝗸
➢ www.tiktok.com/@pcmerchandise.co

📍 Location:
Pin: PC MERCHANDISE MUZON (gmaps/waze).
Exact: B2 L2, Zone II, Muzon, CSJDM, Bulacan.
Landmark: Simplicity
Near La Conception College, Muzon, and in front of BDO.",,0,"09/18/2025 15:00",N/A,https://www.facebook.com/pcmerchandise.co/posts/pfbid02Mz97P2yCWji43JzRo6bstQEHyQsrqfSBnXgVgikvJwpNjbE9GJ6harkwfyjvKJJfl,0,0,Photos,,,,,Lifetime,2078,2078,0,1140,1140,0,0,0,0,0,0,0,7,4,2,1,,
1179039290912628,100064197037125,"PC Merchandise","𝐑𝐘𝐙𝐄𝐍 𝟗 𝟑𝟗𝟎𝟎 𝐖/ 𝐑𝐗𝟓𝟖𝟎
𝐆𝐀𝐌𝐈𝐍𝐆 𝐁𝐔𝐈𝐋𝐃
#𝐏𝐂𝐌𝐄𝐑𝐂𝐇𝐀𝐍𝐃𝐈𝐒𝐄 #𝐏𝐂𝐌𝐁𝐔𝐈𝐋𝐃
𝐏𝐑𝐈𝐂𝐄𝐋𝐈𝐒𝐓 >>>
𝐡𝐭𝐭𝐩𝐬://𝐩𝐜𝐦𝐞𝐫𝐜𝐡𝐚𝐧𝐝𝐢𝐬𝐞.𝐥𝐢𝐯𝐞/𝐋𝐈𝐒𝐓-𝐏𝐂-𝐒𝐄𝐓-𝟐𝟎𝟐𝟓","𝐑𝐘𝐙𝐄𝐍 𝟗 𝟑𝟗𝟎𝟎 𝐖/ 𝐑𝐗𝟓𝟖𝟎
𝐆𝐀𝐌𝐈𝐍𝐆 𝐁𝐔𝐈𝐋𝐃
#𝐏𝐂𝐌𝐄𝐑𝐂𝐇𝐀𝐍𝐃𝐈𝐒𝐄 #𝐏𝐂𝐌𝐁𝐔𝐈𝐋𝐃
𝐏𝐑𝐈𝐂𝐄𝐋𝐈𝐒𝐓 >>>
𝐡𝐭𝐭𝐩𝐬://𝐩𝐜𝐦𝐞𝐫𝐜𝐡𝐚𝐧𝐝𝐢𝐬𝐞.𝐥𝐢𝐯𝐞/𝐋𝐈𝐒𝐓-𝐏𝐂-𝐒𝐄𝐓-𝟐𝟎𝟐𝟓",54,"09/14/2025 20:59",N/A,https://www.facebook.com/reel/1580094062958596/,1,0,Reels,,,,,Lifetime,2099,2098,0,1450,1450,0,,,,,0,592,16,9,7,0,11526.332,6.616
1178866417596582,100064197037125,"PC Merchandise","𝐒𝐎𝐋𝐃 𝐑𝐘𝐙𝐄𝐍 𝟑𝟒𝟎𝟎𝐆 (𝟔𝐏𝐂𝐒)
𝐂𝐎𝐌𝐒𝐇𝐎𝐏 𝐏𝐀𝐂𝐊𝐀𝐆𝐄
#𝐏𝐂𝐌𝐄𝐑𝐂𝐇𝐀𝐍𝐃𝐈𝐒𝐄 #𝐏𝐂𝐌𝐁𝐔𝐈𝐋𝐃
𝐂𝐎𝐌𝐒𝐇𝐎𝐏 𝐏𝐑𝐈𝐂𝐄𝐋𝐈𝐒𝐓 >>>
https://pcmerchandise.live/2025-BERMONTHS-LIST-COMSHOP",,0,"09/14/2025 15:00",N/A,https://www.facebook.com/pcmerchandise.co/posts/pfbid0mFDNdp7L6a1gEjLfp8Jrc6rks11aNE3QcYN3MSpBZv3eTJqDziKahuqoN7uHpNbSl,0,0,Photos,,,,,Lifetime,12014,12014,0,5548,5548,0,0,0,0,0,0,0,167,136,26,5,,
1178326577650566,100064197037125,"PC Merchandise","𝐑𝐘𝐙𝐄𝐍 𝟓 𝟑𝟒𝟎𝟎𝐆 (𝟔𝐏𝐂𝐒)
𝐂𝐎𝐌𝐒𝐇𝐎𝐏 𝐏𝐀𝐂𝐊𝐀𝐆𝐄
#𝐏𝐂𝐌𝐄𝐑𝐂𝐇𝐀𝐍𝐃𝐈𝐒𝐄 #𝐏𝐂𝐌𝐁𝐔𝐈𝐋𝐃
𝐂𝐎𝐌𝐒𝐇𝐎𝐏 𝐏𝐑𝐈𝐂𝐄𝐋𝐈𝐒𝐓 >>>
https://pcmerchandise.live/2025-BERMONTHS-LIST-COMSHOP","𝐑𝐘𝐙𝐄𝐍 𝟓 𝟑𝟒𝟎𝟎𝐆 (𝟔𝐏𝐂𝐒)
𝐂𝐎𝐌𝐒𝐇𝐎𝐏 𝐏𝐀𝐂𝐊𝐀𝐆𝐄
#𝐏𝐂𝐌𝐄𝐑𝐂𝐇𝐀𝐍𝐃𝐈𝐒𝐄 #𝐏𝐂𝐌𝐁𝐔𝐈𝐋𝐃
𝐂𝐎𝐌𝐒𝐇𝐎𝐏 𝐏𝐑𝐈𝐂𝐄𝐋𝐈𝐒𝐓 >>>
https://pcmerchandise.live/2025-BERMONTHS-LIST-COMSHOP",71,"09/14/2025 00:02",N/A,https://www.facebook.com/reel/1305962863766032/,1,0,Reels,,,,,Lifetime,3384,2099,1275,2204,1432,912,,,,,344,696,47,38,6,3,28453.88,9.774
1178101984339692,100064197037125,"PC Merchandise","𝐑𝐘𝐙𝐄𝐍 𝟓 𝟓𝟓𝟎𝟎 𝐖/ 𝐑𝐓𝐗𝟑𝟎𝟓𝟎
𝐆𝐀𝐌𝐈𝐍𝐆 𝐁𝐔𝐈𝐋𝐃
#𝐏𝐂𝐌𝐄𝐑𝐂𝐇𝐀𝐍𝐃𝐈𝐒𝐄 #𝐏𝐂𝐌𝐁𝐔𝐈𝐋𝐃
𝐏𝐑𝐈𝐂𝐄𝐋𝐈𝐒𝐓 >>>
𝐡𝐭𝐭𝐩𝐬://𝐩𝐜𝐦𝐞𝐫𝐜𝐡𝐚𝐧𝐝𝐢𝐬𝐞.𝐥𝐢𝐯𝐞/𝐋𝐈𝐒𝐓-𝐏𝐂-𝐒𝐄𝐓-𝟐𝟎𝟐𝟓","𝐑𝐘𝐙𝐄𝐍 𝟓 𝟓𝟓𝟎𝟎 𝐖/ 𝐑𝐓𝐗𝟑𝟎𝟓𝟎
𝐆𝐀𝐌𝐈𝐍𝐆 𝐁𝐔𝐈𝐋𝐃
#𝐏𝐂𝐌𝐄𝐑𝐂𝐇𝐀𝐍𝐃𝐈𝐒𝐄 #𝐏𝐂𝐌𝐁𝐔𝐈𝐋𝐃
𝐏𝐑𝐈𝐂𝐄𝐋𝐈𝐒𝐓 >>>
𝐡𝐭𝐭𝐩𝐬://𝐩𝐜𝐦𝐞𝐫𝐜𝐡𝐚𝐧𝐝𝐢𝐬𝐞.𝐥𝐢𝐯𝐞/𝐋𝐈𝐒𝐓-𝐏𝐂-𝐒𝐄𝐓-𝟐𝟎𝟐𝟓",43,"09/13/2025 17:01",N/A,https://www.facebook.com/reel/790369163485914/,1,0,Reels,,,,,Lifetime,1857,1853,0,1209,1209,0,,,,,0,487,11,8,2,1,7810.729,5.022
1178045487678675,100064197037125,"PC Merchandise","𝐒𝐎𝐋𝐃 𝐑𝐘𝐙𝐄𝐍 𝟓 𝟓𝟔𝟎𝟎𝐆 (8𝐏𝐂𝐒)
𝐂𝐎𝐌𝐒𝐇𝐎𝐏 𝐏𝐀𝐂𝐊𝐀𝐆𝐄
#𝐏𝐂𝐌𝐄𝐑𝐂𝐇𝐀𝐍𝐃𝐈𝐒𝐄 #𝐏𝐂𝐌𝐁𝐔𝐈𝐋𝐃
𝐂𝐎𝐌𝐒𝐇𝐎𝐏 𝐏𝐑𝐈𝐂𝐄𝐋𝐈𝐒𝐓 >>>
https://pcmerchandise.live/2025-BERMONTHS-LIST-COMSHOP",,0,"09/13/2025 15:00",N/A,https://www.facebook.com/pcmerchandise.co/posts/pfbid021wi2oqa4wyCbSR8gRe3U4D7S9evrdkH8BHGERVacbpDpEFwcABCvJCVmNTnYH4aHl,0,0,Photos,,,,,Lifetime,5291,5291,0,3050,3050,0,0,0,0,0,0,0,10,8,1,1,,
1177456964404194,100064197037125,"PC Merchandise","𝐑𝐘𝐙𝐄𝐍 𝟓 𝟓𝟔𝟎𝟎𝐆 (𝟖+𝟏)
𝐂𝐎𝐌𝐒𝐇𝐎𝐏 𝐃𝐈𝐒𝐊𝐋𝐄𝐒𝐒 𝐏𝐀𝐂𝐊𝐀𝐆𝐄
#𝐏𝐂𝐌𝐄𝐑𝐂𝐇𝐀𝐍𝐃𝐈𝐒𝐄 #𝐏𝐂𝐌𝐁𝐔𝐈𝐋𝐃
𝐂𝐎𝐌𝐒𝐇𝐎𝐏 𝐏𝐑𝐈𝐂𝐄𝐋𝐈𝐒𝐓 >>>
https://pcmerchandise.live/2025-BERMONTHS-LIST-COMSHOP","𝐑𝐘𝐙𝐄𝐍 𝟓 𝟓𝟔𝟎𝟎𝐆 (𝟖+𝟏)
𝐂𝐎𝐌𝐒𝐇𝐎𝐏 𝐃𝐈𝐒𝐊𝐋𝐄𝐒𝐒 𝐏𝐀𝐂𝐊𝐀𝐆𝐄
#𝐏𝐂𝐌𝐄𝐑𝐂𝐇𝐀𝐍𝐃𝐈𝐒𝐄 #𝐏𝐂𝐌𝐁𝐔𝐈𝐋𝐃
𝐂𝐎𝐌𝐒𝐇𝐎𝐏 𝐏𝐑𝐈𝐂𝐄𝐋𝐈𝐒𝐓 >>>
https://pcmerchandise.live/2025-BERMONTHS-LIST-COMSHOP",88,"09/12/2025 22:16",N/A,https://www.facebook.com/reel/639247542575263/,0,0,Reels,,,,,Lifetime,10733,1539,9162,7769,1507,6732,,,,,2328,461,75,51,21,3,73652.422,7.593
1177386214411269,100064197037125,"PC Merchandise","𝐑𝐘𝐙𝐄𝐍 𝟓 𝟓𝟔𝟎𝟎𝐗 𝐖/ 𝐑𝐓𝐗𝟒𝟎𝟔𝟎
𝐂𝐔𝐒𝐓𝐎𝐌 𝐆𝐀𝐌𝐈𝐍𝐆 𝐁𝐔𝐈𝐋𝐃
#𝐏𝐂𝐌𝐄𝐑𝐂𝐇𝐀𝐍𝐃𝐈𝐒𝐄 #𝐏𝐂𝐌𝐁𝐔𝐈𝐋𝐃
𝐏𝐑𝐈𝐂𝐄𝐋𝐈𝐒𝐓 >>>
https://pcmerchandise.live/LIST-PC-SET-2025","𝐑𝐘𝐙𝐄𝐍 𝟓 𝟓𝟔𝟎𝟎𝐗 𝐖/ 𝐑𝐓𝐗𝟒𝟎𝟔𝟎
𝐂𝐔𝐒𝐓𝐎𝐌 𝐆𝐀𝐌𝐈𝐍𝐆 𝐁𝐔𝐈𝐋𝐃
#𝐏𝐂𝐌𝐄𝐑𝐂𝐇𝐀𝐍𝐃𝐈𝐒𝐄 #𝐏𝐂𝐌𝐁𝐔𝐈𝐋𝐃
𝐏𝐑𝐈𝐂𝐄𝐋𝐈𝐒𝐓 >>>
https://pcmerchandise.live/LIST-PC-SET-2025",46,"09/12/2025 20:10",N/A,https://www.facebook.com/reel/729972153419306/,0,0,Reels,,,,,Lifetime,1284,1285,0,1016,1016,0,,,,,0,311,13,5,6,2,5641.437,5.277
1177366561079901,100064197037125,"PC Merchandise","𝐒𝐎𝐋𝐃 𝐑𝐘𝐙𝐄𝐍 𝟓 𝟓𝟔𝟎𝟎𝐆 (𝟖+𝟏)
𝐂𝐎𝐌𝐒𝐇𝐎𝐏 𝐃𝐈𝐒𝐊𝐋𝐄𝐒𝐒 𝐏𝐀𝐂𝐊𝐀𝐆𝐄
#𝐏𝐂𝐌𝐄𝐑𝐂𝐇𝐀𝐍𝐃𝐈𝐒𝐄 #𝐏𝐂𝐌𝐁𝐔𝐈𝐋𝐃
𝐂𝐎𝐌𝐒𝐇𝐎𝐏 𝐏𝐑𝐈𝐂𝐄𝐋𝐈𝐒𝐓 >>>
https://pcmerchandise.live/2025-BERMONTHS-LIST-COMSHOP",,0,"09/12/2025 19:34",N/A,https://www.facebook.com/pcmerchandise.co/posts/pfbid034BELnDRiQMhdCptRnuWbkWb1pL9FPQNZ2SWPcydZxdSz9L3UYM2bkSdenUgkpLBHl,0,0,Photos,,,,,Lifetime,2790,2790,0,1531,1531,0,0,0,0,0,0,0,8,5,2,1,,
1176698834480007,100064197037125,"PC Merchandise","𝐑𝐘𝐙𝐄𝐍 𝟓 𝟓𝟔𝟎𝟎𝐆 (5𝐏𝐂𝐒)
𝐂𝐎𝐌𝐒𝐇𝐎𝐏 𝐏𝐀𝐂𝐊𝐀𝐆𝐄
#𝐏𝐂𝐌𝐄𝐑𝐂𝐇𝐀𝐍𝐃𝐈𝐒𝐄 #𝐏𝐂𝐌𝐁𝐔𝐈𝐋𝐃
𝐂𝐎𝐌𝐒𝐇𝐎𝐏 𝐏𝐑𝐈𝐂𝐄𝐋𝐈𝐒𝐓 >>>
https://pcmerchandise.live/2025-BERMONTHS-LIST-COMSHOP","𝐑𝐘𝐙𝐄𝐍 𝟓 𝟓𝟔𝟎𝟎𝐆 (5𝐏𝐂𝐒)
𝐂𝐎𝐌𝐒𝐇𝐎𝐏 𝐏𝐀𝐂𝐊𝐀𝐆𝐄
#𝐏𝐂𝐌𝐄𝐑𝐂𝐇𝐀𝐍𝐃𝐈𝐒𝐄 #𝐏𝐂𝐌𝐁𝐔𝐈𝐋𝐃
𝐂𝐎𝐌𝐒𝐇𝐎𝐏 𝐏𝐑𝐈𝐂𝐄𝐋𝐈𝐒𝐓 >>>
https://pcmerchandise.live/2025-BERMONTHS-LIST-COMSHOP",72,"09/12/2025 00:00",N/A,https://www.facebook.com/reel/1157085632998482/,0,0,Reels,,,,,Lifetime,2312,1107,1193,1751,918,959,,,,,257,250,16,13,3,0,12299.978,5.933
1176565401160017,100064197037125,"PC Merchandise","𝐓𝐇𝐄 𝐑𝐘𝐙𝐄𝐍 𝟓 𝟓𝟔𝟎𝟎𝐆 
𝐆𝐀𝐌𝐈𝐍𝐆 𝐁𝐔𝐈𝐋𝐃
#𝐏𝐂𝐌𝐄𝐑𝐂𝐇𝐀𝐍𝐃𝐈𝐒𝐄 #𝐏𝐂𝐌𝐁𝐔𝐈𝐋𝐃
𝐏𝐑𝐈𝐂𝐄𝐋𝐈𝐒𝐓 >>>
https://pcmerchandise.live/LIST-PC-SET-2025","𝐓𝐇𝐄 𝐑𝐘𝐙𝐄𝐍 𝟓 𝟓𝟔𝟎𝟎𝐆 
𝐆𝐀𝐌𝐈𝐍𝐆 𝐁𝐔𝐈𝐋𝐃
#𝐏𝐂𝐌𝐄𝐑𝐂𝐇𝐀𝐍𝐃𝐈𝐒𝐄 #𝐏𝐂𝐌𝐁𝐔𝐈𝐋𝐃
𝐏𝐑𝐈𝐂𝐄𝐋𝐈𝐒𝐓 >>>
https://pcmerchandise.live/LIST-PC-SET-2025",61,"09/11/2025 20:01",N/A,https://www.facebook.com/reel/1091690656011289/,0,0,Reels,,,,,Lifetime,1039,1036,0,872,872,0,,,,,0,211,7,5,2,0,3855.094,4.222
1176557267827497,100064197037125,"PC Merchandise","A step into the future starts with a PC Merchandise  setup.
🔎𝐋𝐎𝐎𝐊𝐈𝐍𝐆 𝐅𝐎𝐑 𝐂𝐎𝐌𝐏𝐔𝐓𝐄𝐑 𝐒𝐄𝐓?
💻𝐋𝐈𝐒𝐓 𝐎𝐅 𝐏𝐂 𝐒𝐄𝐓𝐒 ↓↓↓
➢ https://pcmerchandise.live/LIST-PC-SET-2025
🛒 𝗟𝗮𝘇𝗮𝗱𝗮
➢ https://www.lazada.com.ph/shop/pcmerchandise-co
🆂 𝗦𝗵𝗼𝗽𝗲𝗲
➢ https://www.shopee.ph/pcmerchandise.co
ꚠ 𝗧𝗶𝗸𝘁𝗼𝗸
➢ www.tiktok.com/@pcmerchandise.co
📍 Location:
Pin: PC MERCHANDISE MUZON (gmaps/waze).
Exact: B2 L2, Zone II, Muzon, CSJDM, Bulacan.
Landmark: Simplicity
Near La Conception College, Muzon, and in front of BDO.",,0,"09/11/2025 19:49",N/A,https://www.facebook.com/pcmerchandise.co/posts/pfbid0vdJKCjqd55djk7mipQvVg9j5tt3kEdnQPtyu6Yxu7sXUkurfjLNWmj3yVjuwjE8zl,0,0,Photos,,,,,Lifetime,2607,2607,0,1253,1253,0,0,0,0,0,0,0,12,8,2,2,,
1175979081218649,100064197037125,"PC Merchandise","Hindi kelangang maging milyonaryo para masimulan mo ito 👇👇👇
PC Merchandise","Hindi kelangang maging milyonaryo para masimulan mo ito 👇👇👇
@[100064197037125:2048:PC Merchandise]",117,"09/11/2025 02:28",N/A,https://www.facebook.com/pcmerchandise.co/videos/2290009321457268/,0,0,Videos,,,,,Lifetime,1471,1464,0,1166,1166,0,427,115,389,114,0,427,21,18,2,1,17502.587,13.979
1175756224574268,100064197037125,"PC Merchandise","𝐑𝐘𝐙𝐄𝐍 𝟕 𝟓𝟕𝟎𝟎𝐗 𝐰/ 𝐑𝐓𝐗𝟑𝟎𝟔𝟎
𝐆𝐀𝐌𝐈𝐍𝐆 𝐁𝐔𝐈𝐋𝐃
#𝐏𝐂𝐌𝐄𝐑𝐂𝐇𝐀𝐍𝐃𝐈𝐒𝐄 #𝐏𝐂𝐌𝐁𝐔𝐈𝐋𝐃
𝐏𝐑𝐈𝐂𝐄𝐋𝐈𝐒𝐓 >>>
https://pcmerchandise.live/LIST-PC-SET-2025","𝐑𝐘𝐙𝐄𝐍 𝟕 𝟓𝟕𝟎𝟎𝐗 𝐰/ 𝐑𝐓𝐗𝟑𝟎𝟔𝟎
𝐆𝐀𝐌𝐈𝐍𝐆 𝐁𝐔𝐈𝐋𝐃
#𝐏𝐂𝐌𝐄𝐑𝐂𝐇𝐀𝐍𝐃𝐈𝐒𝐄 #𝐏𝐂𝐌𝐁𝐔𝐈𝐋𝐃
𝐏𝐑𝐈𝐂𝐄𝐋𝐈𝐒𝐓 >>>
https://pcmerchandise.live/LIST-PC-SET-2025",64,"09/10/2025 19:46",N/A,https://www.facebook.com/reel/631251046714914/,0,0,Reels,,,,,Lifetime,1151,1144,0,914,914,0,,,,,0,286,13,9,4,0,6091.622,6.325
1175752407907983,100064197037125,"PC Merchandise","𝐒𝐎𝐋𝐃 𝐑𝐘𝐙𝐄𝐍 𝟓 𝟓𝟔𝟎𝟎𝐆 (5𝐏𝐂𝐒)
𝐂𝐎𝐌𝐒𝐇𝐎𝐏 𝐏𝐀𝐂𝐊𝐀𝐆𝐄
#𝐏𝐂𝐌𝐄𝐑𝐂𝐇𝐀𝐍𝐃𝐈𝐒𝐄 #𝐏𝐂𝐌𝐁𝐔𝐈𝐋𝐃
𝐂𝐎𝐌𝐒𝐇𝐎𝐏 𝐏𝐑𝐈𝐂𝐄𝐋𝐈𝐒𝐓 >>>
https://pcmerchandise.live/2025-BERMONTHS-LIST-COMSHOP",,0,"09/10/2025 19:40",N/A,https://www.facebook.com/pcmerchandise.co/posts/pfbid0wwrZ7aGY28AQAbkUTquYpbgC4CfDwe9Q1wQvWrAUKDvRfpTNd4xNK3AhZi7hm1sVl,0,0,Photos,,,,,Lifetime,2376,2376,0,1220,1220,0,0,0,0,0,0,0,34,32,0,2,,
1175044027978821,100064197037125,"PC Merchandise","𝐑𝐘𝐙𝐄𝐍 𝟓 𝟓𝟔𝟎𝟎𝐆 (4𝐏𝐂𝐒)
𝐂𝐎𝐌𝐒𝐇𝐎𝐏 𝐏𝐀𝐂𝐊𝐀𝐆𝐄
#𝐏𝐂𝐌𝐄𝐑𝐂𝐇𝐀𝐍𝐃𝐈𝐒𝐄 #𝐏𝐂𝐌𝐁𝐔𝐈𝐋𝐃
𝐂𝐎𝐌𝐒𝐇𝐎𝐏 𝐏𝐑𝐈𝐂𝐄𝐋𝐈𝐒𝐓 >>>
https://pcmerchandise.live/2025-BERMONTHS-LIST-COMSHOP","𝐑𝐘𝐙𝐄𝐍 𝟓 𝟓𝟔𝟎𝟎𝐆 (4𝐏𝐂𝐒)
𝐂𝐎𝐌𝐒𝐇𝐎𝐏 𝐏𝐀𝐂𝐊𝐀𝐆𝐄
#𝐏𝐂𝐌𝐄𝐑𝐂𝐇𝐀𝐍𝐃𝐈𝐒𝐄 #𝐏𝐂𝐌𝐁𝐔𝐈𝐋𝐃
𝐂𝐎𝐌𝐒𝐇𝐎𝐏 𝐏𝐑𝐈𝐂𝐄𝐋𝐈𝐒𝐓 >>>
https://pcmerchandise.live/2025-BERMONTHS-LIST-COMSHOP",67,"09/10/2025 00:01",N/A,https://www.facebook.com/reel/1993553831185397/,1,0,Reels,,,,,Lifetime,5600,1215,4370,3245,996,2507,,,,,1200,357,27,18,8,1,32323.539,6.346
1174914171325140,100064197037125,"PC Merchandise","𝐑𝐘𝐙𝐄𝐍 𝟓 𝟓𝟔𝟎𝟎 𝐰/ 𝐑𝐗𝟔𝟔𝟎𝟎
𝐆𝐀𝐌𝐈𝐍𝐆 𝐁𝐔𝐈𝐋𝐃
#𝐏𝐂𝐌𝐄𝐑𝐂𝐇𝐀𝐍𝐃𝐈𝐒𝐄 #𝐏𝐂𝐌𝐁𝐔𝐈𝐋𝐃
𝐏𝐑𝐈𝐂𝐄𝐋𝐈𝐒𝐓 >>>
https://pcmerchandise.live/LIST-PC-SET-2025","𝐑𝐘𝐙𝐄𝐍 𝟓 𝟓𝟔𝟎𝟎 𝐰/ 𝐑𝐗𝟔𝟔𝟎𝟎
𝐆𝐀𝐌𝐈𝐍𝐆 𝐁𝐔𝐈𝐋𝐃
#𝐏𝐂𝐌𝐄𝐑𝐂𝐇𝐀𝐍𝐃𝐈𝐒𝐄 #𝐏𝐂𝐌𝐁𝐔𝐈𝐋𝐃
𝐏𝐑𝐈𝐂𝐄𝐋𝐈𝐒𝐓 >>>
https://pcmerchandise.live/LIST-PC-SET-2025",71,"09/09/2025 19:48",N/A,https://www.facebook.com/reel/2583958498611000/,0,0,Reels,,,,,Lifetime,1089,1089,0,876,876,0,,,,,0,202,7,5,2,0,4066.727,4.267
1174911201325437,100064197037125,"PC Merchandise","𝐒𝐎𝐋𝐃 𝐑𝐘𝐙𝐄𝐍 𝟓 𝟓𝟔𝟎𝟎𝐆 (4𝐏𝐂𝐒)
𝐂𝐎𝐌𝐒𝐇𝐎𝐏 𝐏𝐀𝐂𝐊𝐀𝐆𝐄
#𝐏𝐂𝐌𝐄𝐑𝐂𝐇𝐀𝐍𝐃𝐈𝐒𝐄 #𝐏𝐂𝐌𝐁𝐔𝐈𝐋𝐃
𝐂𝐎𝐌𝐒𝐇𝐎𝐏 𝐏𝐑𝐈𝐂𝐄𝐋𝐈𝐒𝐓 >>>
https://pcmerchandise.live/2025-BERMONTHS-LIST-COMSHOP",,0,"09/09/2025 19:42",N/A,https://www.facebook.com/pcmerchandise.co/posts/pfbid0fuVd13gVEpwiKdtCqntRAKVMamkDUyNHBWUMEoBXnLHT7XFDzvZ9nYJnk4QgHtghl,0,0,Photos,,,,,Lifetime,2348,2348,0,1333,1333,0,0,0,0,0,0,0,8,7,0,1,,
1174234438059780,100064197037125,"PC Merchandise","#Block13GamingHub. The overall contract, from renovation to PC supplies, is completed.

𝗪𝗲 𝗮𝗰𝗰𝗲𝗽𝘁 𝗰𝗼𝗺𝗽𝘂𝘁𝗲𝗿 𝘀𝗵𝗼𝗽 𝘀𝗶𝘁𝗲 𝗰𝗼𝗻𝘀𝘁𝗿𝘂𝗰𝘁𝗶𝗼𝗻 𝗮𝗻𝗱 𝗺𝗼𝗱𝗲𝗹𝗹𝗶𝗻𝗴, including table design, paint, ceiling design, flooring, wiring, CCTV and overall renovation for computer shop and internet cafe purposes. For inquiries, PM us at m.me/pcmerchandise.co

𝗙𝗼𝗿 𝘁𝗵𝗲 𝗹𝗶𝘀𝘁 𝗼𝗳 𝗖𝗼𝗺𝗽𝘂𝘁𝗲𝗿 𝗦𝗵𝗼𝗽 𝗣𝗮𝗰𝗸𝗮𝗴𝗲𝘀 - 𝗰𝗹𝗶𝗰𝗸 𝗵𝗲𝗿𝗲
https://pcmerchandise.live/2025-BERMONTHS-LIST-COMSHOP
https://pcmerchandise.live/2025-BERMONTHS-LIST-COMSHOP","#Block13GamingHub. The overall contract, from renovation to PC supplies, is completed.

𝗪𝗲 𝗮𝗰𝗰𝗲𝗽𝘁 𝗰𝗼𝗺𝗽𝘂𝘁𝗲𝗿 𝘀𝗵𝗼𝗽 𝘀𝗶𝘁𝗲 𝗰𝗼𝗻𝘀𝘁𝗿𝘂𝗰𝘁𝗶𝗼𝗻 𝗮𝗻𝗱 𝗺𝗼𝗱𝗲𝗹𝗹𝗶𝗻𝗴, including table design, paint, ceiling design, flooring, wiring, CCTV and overall renovation for computer shop and internet cafe purposes. For inquiries, PM us at m.me/pcmerchandise.co

𝗙𝗼𝗿 𝘁𝗵𝗲 𝗹𝗶𝘀𝘁 𝗼𝗳 𝗖𝗼𝗺𝗽𝘂𝘁𝗲𝗿 𝗦𝗵𝗼𝗽 𝗣𝗮𝗰𝗸𝗮𝗴𝗲𝘀 - 𝗰𝗹𝗶𝗰𝗸 𝗵𝗲𝗿𝗲
https://pcmerchandise.live/2025-BERMONTHS-LIST-COMSHOP
https://pcmerchandise.live/2025-BERMONTHS-LIST-COMSHOP",56,"09/08/2025 23:21",N/A,https://www.facebook.com/reel/792896343228758/,0,0,Reels,,,,,Lifetime,1410,1405,0,1048,1048,0,,,,,0,467,18,18,0,0,10806.968,9.348
1174130591403498,100064197037125,"PC Merchandise","𝐑𝐘𝐙𝐄𝐍 𝟕 𝟓𝟕𝟎𝟎𝐗 𝐰/ 𝐑𝐓𝐗𝟒𝟎𝟔𝟎
𝐆𝐀𝐌𝐈𝐍𝐆 𝐁𝐔𝐈𝐋𝐃
#𝐏𝐂𝐌𝐄𝐑𝐂𝐇𝐀𝐍𝐃𝐈𝐒𝐄 #𝐏𝐂𝐌𝐁𝐔𝐈𝐋𝐃
𝐏𝐑𝐈𝐂𝐄𝐋𝐈𝐒𝐓 >>>
https://pcmerchandise.live/LIST-PC-SET-2025","𝐑𝐘𝐙𝐄𝐍 𝟕 𝟓𝟕𝟎𝟎𝐗 𝐰/ 𝐑𝐓𝐗𝟒𝟎𝟔𝟎
𝐆𝐀𝐌𝐈𝐍𝐆 𝐁𝐔𝐈𝐋𝐃
#𝐏𝐂𝐌𝐄𝐑𝐂𝐇𝐀𝐍𝐃𝐈𝐒𝐄 #𝐏𝐂𝐌𝐁𝐔𝐈𝐋𝐃
𝐏𝐑𝐈𝐂𝐄𝐋𝐈𝐒𝐓 >>>
https://pcmerchandise.live/LIST-PC-SET-2025",53,"09/08/2025 19:50",N/A,https://www.facebook.com/reel/1839016943634384/,0,0,Reels,,,,,Lifetime,952,951,0,733,733,0,,,,,0,258,13,5,8,0,4255.974,5.313
1174126738070550,100064197037125,"PC Merchandise","🔎𝐋𝐎𝐎𝐊𝐈𝐍𝐆 𝐅𝐎𝐑 𝐂𝐎𝐌𝐏𝐔𝐓𝐄𝐑 𝐒𝐄𝐓?
💻𝐋𝐈𝐒𝐓 𝐎𝐅 𝐏𝐂 𝐒𝐄𝐓𝐒 ↓↓↓
➢ https://pcmerchandise.live/LIST-PC-SET-2025
🛒 𝗟𝗮𝘇𝗮𝗱𝗮
➢ https://www.lazada.com.ph/shop/pcmerchandise-co
🆂 𝗦𝗵𝗼𝗽𝗲𝗲
➢ https://www.shopee.ph/pcmerchandise.co
ꚠ 𝗧𝗶𝗸𝘁𝗼𝗸
➢ www.tiktok.com/@pcmerchandise.co
📍 Location:
Pin: PC MERCHANDISE MUZON (gmaps/waze).
Exact: B2 L2, Zone II, Muzon, CSJDM, Bulacan.
Landmark: Simplicity
Near La Conception College, Muzon, and in front of BDO.",,0,"09/08/2025 19:43",N/A,https://www.facebook.com/pcmerchandise.co/posts/pfbid02CYLrfgrmerZKQEFasvHWPGdkWgV1d2FjKUEBYePuiJ14bECTymPxPchdRCQ58ccbl,0,0,Photos,,,,,Lifetime,2119,2119,0,1105,1105,0,0,0,0,0,0,0,11,9,1,1,,
1173604571456100,100064197037125,"PC Merchandise","𝐑𝐲𝐳𝐞𝐧 𝟕 𝟓𝟕𝟎𝟎𝐆 𝐏𝐈𝐍𝐊 𝐆𝐚𝐦𝐢𝐧𝐠 𝐁𝐮𝐢𝐥𝐝 #pcmerchandise #PCMBUILD","𝐑𝐲𝐳𝐞𝐧 𝟕 𝟓𝟕𝟎𝟎𝐆 𝐏𝐈𝐍𝐊 𝐆𝐚𝐦𝐢𝐧𝐠 𝐁𝐮𝐢𝐥𝐝 #pcmerchandise #PCMBUILD",60,"09/08/2025 03:01",N/A,https://www.facebook.com/reel/762895259999208/,1,0,Reels,,,,,Lifetime,1385,1405,0,963,963,0,,,,,0,384,17,9,8,0,7712.47,6.459
1173278998155324,100064197037125,"PC Merchandise","𝐒𝐎𝐋𝐃 𝐑𝐘𝐙𝐄𝐍 𝟓 𝟑𝟒𝟎𝟎𝐆 (𝟒𝐏𝐂𝐒)
𝐂𝐎𝐌𝐒𝐇𝐎𝐏 𝐏𝐀𝐂𝐊𝐀𝐆𝐄
#𝐏𝐂𝐌𝐄𝐑𝐂𝐇𝐀𝐍𝐃𝐈𝐒𝐄 #𝐏𝐂𝐌𝐁𝐔𝐈𝐋𝐃
𝐂𝐎𝐌𝐒𝐇𝐎𝐏 𝐏𝐑𝐈𝐂𝐄𝐋𝐈𝐒𝐓 >>>
https://pcmerchandise.live/2025-BERMONTHS-LIST-COMSHOP",,0,"09/07/2025 16:01",N/A,https://www.facebook.com/pcmerchandise.co/posts/pfbid0pZ6YDuBMF1QoedjTGxykKtJvGCNW8yqH7Hq8C1kq7yZE6HBVPMbUb4bi2MytteyMl,0,0,Photos,,,,,Lifetime,3838,3838,0,2246,2246,0,0,0,0,0,0,0,17,13,3,1,,
1172666088216615,100064197037125,"PC Merchandise","𝐑𝐘𝐙𝐄𝐍 𝟓 𝟑𝟒𝟎𝟎𝐆 (𝟒𝐏𝐂𝐒)
𝐂𝐎𝐌𝐒𝐇𝐎𝐏 𝐏𝐀𝐂𝐊𝐀𝐆𝐄
#𝐏𝐂𝐌𝐄𝐑𝐂𝐇𝐀𝐍𝐃𝐈𝐒𝐄 #𝐏𝐂𝐌𝐁𝐔𝐈𝐋𝐃
𝐂𝐎𝐌𝐒𝐇𝐎𝐏 𝐏𝐑𝐈𝐂𝐄𝐋𝐈𝐒𝐓 >>>
https://pcmerchandise.live/2025-BERMONTHS-LIST-COMSHOP","𝐑𝐘𝐙𝐄𝐍 𝟓 𝟑𝟒𝟎𝟎𝐆 (𝟒𝐏𝐂𝐒)
𝐂𝐎𝐌𝐒𝐇𝐎𝐏 𝐏𝐀𝐂𝐊𝐀𝐆𝐄
#𝐏𝐂𝐌𝐄𝐑𝐂𝐇𝐀𝐍𝐃𝐈𝐒𝐄 #𝐏𝐂𝐌𝐁𝐔𝐈𝐋𝐃
𝐂𝐎𝐌𝐒𝐇𝐎𝐏 𝐏𝐑𝐈𝐂𝐄𝐋𝐈𝐒𝐓 >>>
https://pcmerchandise.live/2025-BERMONTHS-LIST-COMSHOP",69,"09/06/2025 21:30",N/A,https://www.facebook.com/reel/1082428197209025/,1,0,Reels,,,,,Lifetime,28556,1180,27332,15076,1483,14571,,,,,6271,266,107,73,32,2,133218.221,5.121
1172535628229661,100064197037125,"PC Merchandise","𝐑𝐘𝐙𝐄𝐍 𝟓 𝐰/ 𝟖 𝐆𝐁 𝐆𝐫𝐚𝐩𝐡𝐢𝐜𝐬 𝐂𝐚𝐫𝐝
𝐇𝐎𝐓 𝐒𝐀𝐋𝐄!
#PCMERCHANDISE #PCMBUILD","𝐑𝐘𝐙𝐄𝐍 𝟓 𝐰/ 𝟖 𝐆𝐁 𝐆𝐫𝐚𝐩𝐡𝐢𝐜𝐬 𝐂𝐚𝐫𝐝
𝐇𝐎𝐓 𝐒𝐀𝐋𝐄!
#PCMERCHANDISE #PCMBUILD",90,"09/06/2025 17:01",N/A,https://www.facebook.com/reel/1070228758228559/,1,0,Reels,,,,,Lifetime,1199,1268,0,936,936,0,,,,,0,329,13,11,1,1,8718.863,7.919
1172509058232318,100064197037125,"PC Merchandise","One more customer leveled up with PC Merchandise ! 💻🔥
🔎𝐋𝐎𝐎𝐊𝐈𝐍𝐆 𝐅𝐎𝐑 𝐂𝐎𝐌𝐏𝐔𝐓𝐄𝐑 𝐒𝐄𝐓?
💻𝐋𝐈𝐒𝐓 𝐎𝐅 𝐏𝐂 𝐒𝐄𝐓𝐒 ↓↓↓
➢ https://pcmerchandise.live/LIST-PC-SET-2025
🛒 𝗟𝗮𝘇𝗮𝗱𝗮
➢ https://www.lazada.com.ph/shop/pcmerchandise-co
🆂 𝗦𝗵𝗼𝗽𝗲𝗲
➢ https://www.shopee.ph/pcmerchandise.co
ꚠ 𝗧𝗶𝗸𝘁𝗼𝗸
➢ www.tiktok.com/@pcmerchandise.co
📍 Location:
Pin: PC MERCHANDISE MUZON (gmaps/waze).
Exact: B2 L2, Zone II, Muzon, CSJDM, Bulacan.
Landmark: Simplicity
Near La Conception College, Muzon, and in front of BDO.",,0,"09/06/2025 16:00",N/A,https://www.facebook.com/pcmerchandise.co/posts/pfbid0AkhmraWp4bfeQpr9Aq6x4ZC5suQCkmBLgNUUwMAEvYXcw1SggqtoKpyAxBH9FdJil,0,0,Photos,,,,,Lifetime,1793,1793,0,883,883,0,0,0,0,0,0,0,11,6,1,1,,
1171980594951831,100064197037125,"PC Merchandise","𝐑𝐘𝐙𝐄𝐍 𝟓 𝟓𝟔𝟎𝟎𝐆 (𝟏𝟎𝐏𝐂𝐒)
𝐂𝐎𝐌𝐒𝐇𝐎𝐏 𝐏𝐀𝐂𝐊𝐀𝐆𝐄
#𝐏𝐂𝐌𝐄𝐑𝐂𝐇𝐀𝐍𝐃𝐈𝐒𝐄 #𝐏𝐂𝐌𝐁𝐔𝐈𝐋𝐃
𝐂𝐎𝐌𝐒𝐇𝐎𝐏 𝐏𝐑𝐈𝐂𝐄𝐋𝐈𝐒𝐓 >>>
https://pcmerchandise.live/2025-BERMONTHS-LIST-COMSHOP","𝐑𝐘𝐙𝐄𝐍 𝟓 𝟓𝟔𝟎𝟎𝐆 (𝟏𝟎𝐏𝐂𝐒)
𝐂𝐎𝐌𝐒𝐇𝐎𝐏 𝐏𝐀𝐂𝐊𝐀𝐆𝐄
#𝐏𝐂𝐌𝐄𝐑𝐂𝐇𝐀𝐍𝐃𝐈𝐒𝐄 #𝐏𝐂𝐌𝐁𝐔𝐈𝐋𝐃
𝐂𝐎𝐌𝐒𝐇𝐎𝐏 𝐏𝐑𝐈𝐂𝐄𝐋𝐈𝐒𝐓 >>>
https://pcmerchandise.live/2025-BERMONTHS-LIST-COMSHOP",79,"09/05/2025 23:27",N/A,https://www.facebook.com/reel/1053098933345536/,0,0,Reels,,,,,Lifetime,8654,1229,7464,6336,1218,5542,,,,,1785,351,50,35,13,2,62665.389,8.034
1171860068297217,100064197037125,"PC Merchandise","𝐇𝐢𝐠𝐡𝐥𝐢𝐠𝐡𝐭𝐬 𝐟𝐨𝐫 𝐭𝐨𝐝𝐚𝐲!
𝐑𝐲𝐳𝐞𝐧 𝟕 𝟓𝟕𝟎𝟎𝐗 𝐰/ 𝐑𝐗𝟔𝟔𝟎𝟎
#𝐏𝐂𝐌𝐄𝐑𝐂𝐇𝐀𝐍𝐃𝐈𝐒𝐄 #𝐏𝐂𝐌𝐁𝐔𝐈𝐋𝐃","𝐇𝐢𝐠𝐡𝐥𝐢𝐠𝐡𝐭𝐬 𝐟𝐨𝐫 𝐭𝐨𝐝𝐚𝐲!
𝐑𝐲𝐳𝐞𝐧 𝟕 𝟓𝟕𝟎𝟎𝐗 𝐰/ 𝐑𝐗𝟔𝟔𝟎𝟎
#𝐏𝐂𝐌𝐄𝐑𝐂𝐇𝐀𝐍𝐃𝐈𝐒𝐄 #𝐏𝐂𝐌𝐁𝐔𝐈𝐋𝐃",62,"09/05/2025 19:37",N/A,https://www.facebook.com/reel/1121513292682300/,0,0,Reels,,,,,Lifetime,1307,1379,0,923,923,0,,,,,0,343,14,12,2,0,6462.676,5.43
1171856711630886,100064197037125,"PC Merchandise","𝐒𝐎𝐋𝐃 𝐑𝐘𝐙𝐄𝐍 𝟓 𝟓𝟔𝟎𝟎𝐆 𝟖+𝟏
𝐂𝐎𝐌𝐒𝐇𝐎𝐏 𝐃𝐈𝐒𝐊𝐋𝐄𝐒𝐒 𝐏𝐀𝐂𝐊𝐀𝐆𝐄
#𝐏𝐂𝐌𝐄𝐑𝐂𝐇𝐀𝐍𝐃𝐈𝐒𝐄 #𝐏𝐂𝐌𝐁𝐔𝐈𝐋𝐃
𝐂𝐎𝐌𝐒𝐇𝐎𝐏 𝐏𝐑𝐈𝐂𝐄𝐋𝐈𝐒𝐓 >>>
https://pcmerchandise.live/2025-BERMONTHS-LIST-COMSHOP",,0,"09/05/2025 19:32",N/A,https://www.facebook.com/pcmerchandise.co/posts/pfbid0ZoDYcpxhSy3rTuw3gwkZVHC4Ec36WuWqEhg13TCRGNUpWndkYdNCM55Yvow2paaml,0,0,Photos,,,,,Lifetime,2554,2554,0,1591,1591,0,0,0,0,0,0,0,12,10,2,0,,
1171104225039468,100064197037125,"PC Merchandise","Want a gaming rig? Get this RYZEN 5 BUILD, a purely gaming on-budget build! #pcmerchandise","Want a gaming rig? Get this RYZEN 5 BUILD, a purely gaming on-budget build! #pcmerchandise",61,"09/04/2025 19:53",N/A,https://www.facebook.com/reel/2486720261712829/,0,0,Reels,,,,,Lifetime,1033,1066,0,898,898,0,,,,,0,273,14,11,3,0,5205.814,5.658
1171101005039790,100064197037125,"PC Merchandise","One more satisfied client, one more success story for PC Merchandise 
🔎𝐋𝐎𝐎𝐊𝐈𝐍𝐆 𝐅𝐎𝐑 𝐂𝐎𝐌𝐏𝐔𝐓𝐄𝐑 𝐒𝐄𝐓?
💻𝐋𝐈𝐒𝐓 𝐎𝐅 𝐏𝐂 𝐒𝐄𝐓𝐒 ↓↓↓
➢ https://pcmerchandise.live/LIST-PC-SET-2025
🛒 𝗟𝗮𝘇𝗮𝗱𝗮
➢ https://www.lazada.com.ph/shop/pcmerchandise-co
🆂 𝗦𝗵𝗼𝗽𝗲𝗲
➢ https://www.shopee.ph/pcmerchandise.co
ꚠ 𝗧𝗶𝗸𝘁𝗼𝗸
➢ www.tiktok.com/@pcmerchandise.co
📍 Location:
Pin: PC MERCHANDISE MUZON (gmaps/waze).
Exact: B2 L2, Zone II, Muzon, CSJDM, Bulacan.
Landmark: Simplicity
Near La Conception College, Muzon, and in front of BDO.",,0,"09/04/2025 19:47",N/A,https://www.facebook.com/pcmerchandise.co/posts/pfbid02nz86sravUgPNvvGd6U4vPwQJEE9mrTt3c7EosviF2RWi7LUmUmt8GaHrLsjwXgdFl,0,0,Photos,,,,,Lifetime,2542,2542,0,1253,1253,0,0,0,0,0,0,0,9,7,1,0,,
1170452578437966,100064197037125,"PC Merchandise","𝐑𝐘𝐙𝐄𝐍 𝟓 𝟓𝟔𝟎𝟎𝐆 𝟖+𝟏
𝐂𝐎𝐌𝐒𝐇𝐎𝐏 𝐃𝐈𝐒𝐊𝐋𝐄𝐒𝐒 𝐏𝐀𝐂𝐊𝐀𝐆𝐄
#𝐏𝐂𝐌𝐄𝐑𝐂𝐇𝐀𝐍𝐃𝐈𝐒𝐄 #𝐏𝐂𝐌𝐁𝐔𝐈𝐋𝐃
𝐂𝐎𝐌𝐒𝐇𝐎𝐏 𝐏𝐑𝐈𝐂𝐄𝐋𝐈𝐒𝐓 >>>
https://pcmerchandise.live/2025-BERMONTHS-LIST-COMSHOP","𝐑𝐘𝐙𝐄𝐍 𝟓 𝟓𝟔𝟎𝟎𝐆 𝟖+𝟏
𝐂𝐎𝐌𝐒𝐇𝐎𝐏 𝐃𝐈𝐒𝐊𝐋𝐄𝐒𝐒 𝐏𝐀𝐂𝐊𝐀𝐆𝐄
#𝐏𝐂𝐌𝐄𝐑𝐂𝐇𝐀𝐍𝐃𝐈𝐒𝐄 #𝐏𝐂𝐌𝐁𝐔𝐈𝐋𝐃
𝐂𝐎𝐌𝐒𝐇𝐎𝐏 𝐏𝐑𝐈𝐂𝐄𝐋𝐈𝐒𝐓 >>>
https://pcmerchandise.live/2025-BERMONTHS-LIST-COMSHOP",76,"09/04/2025 00:38",N/A,https://www.facebook.com/reel/1406448793796968/,0,0,Reels,,,,,Lifetime,2008,1046,978,1487,886,711,,,,,247,298,19,18,1,0,17034.195,9.602
1170313505118540,100064197037125,"PC Merchandise","𝐑𝐘𝐙𝐄𝐍 𝟕 𝟓𝟕𝟎𝟎𝐆 𝐆𝐀𝐌𝐈𝐍𝐆 𝐰/ 𝐖𝐀𝐑 𝐌𝐀𝐂𝐇𝐈𝐍𝐄 𝐂𝐀𝐒𝐄
 #𝐏𝐂𝐌𝐄𝐑𝐂𝐇𝐀𝐍𝐃𝐈𝐒𝐄 #𝐏𝐂𝐌𝐁𝐔𝐈𝐋𝐃","𝐑𝐘𝐙𝐄𝐍 𝟕 𝟓𝟕𝟎𝟎𝐆 𝐆𝐀𝐌𝐈𝐍𝐆 𝐰/ 𝐖𝐀𝐑 𝐌𝐀𝐂𝐇𝐈𝐍𝐄 𝐂𝐀𝐒𝐄
 #𝐏𝐂𝐌𝐄𝐑𝐂𝐇𝐀𝐍𝐃𝐈𝐒𝐄 #𝐏𝐂𝐌𝐁𝐔𝐈𝐋𝐃",52,"09/03/2025 19:59",N/A,https://www.facebook.com/reel/1203405904871319/,0,0,Reels,,,,,Lifetime,947,966,0,762,762,0,,,,,0,254,12,11,1,0,5005.886,6.06
1170300058453218,100064197037125,"PC Merchandise","𝐒𝐎𝐋𝐃 𝐑𝐘𝐙𝐄𝐍 𝟓 𝟓𝟔𝟎𝟎𝐆 (8𝐏𝐂𝐒)
𝐂𝐎𝐌𝐒𝐇𝐎𝐏 𝐏𝐀𝐂𝐊𝐀𝐆𝐄
#𝐏𝐂𝐌𝐄𝐑𝐂𝐇𝐀𝐍𝐃𝐈𝐒𝐄 #𝐏𝐂𝐌𝐁𝐔𝐈𝐋𝐃
𝐂𝐎𝐌𝐒𝐇𝐎𝐏 𝐏𝐑𝐈𝐂𝐄𝐋𝐈𝐒𝐓 >>>
https://pcmerchandise.live/2025-BERMONTHS-LIST-COMSHOP",,0,"09/03/2025 19:30",N/A,https://www.facebook.com/pcmerchandise.co/posts/pfbid0DCTYjeAH5tsrGJudUUDyu4WByaD4rxSmjq4kChQWhnr9JjPiAViiLoDHs51Js4UNl,0,0,Photos,,,,,Lifetime,2792,2792,0,1704,1704,0,0,0,0,0,0,0,11,11,0,0,,
1169636221852935,100064197037125,"PC Merchandise","𝐑𝐘𝐙𝐄𝐍 𝟓 𝟓𝟔𝟎𝟎𝐆 (8𝐏𝐂𝐒)
𝐂𝐎𝐌𝐒𝐇𝐎𝐏 𝐏𝐀𝐂𝐊𝐀𝐆𝐄
#𝐏𝐂𝐌𝐄𝐑𝐂𝐇𝐀𝐍𝐃𝐈𝐒𝐄 #𝐏𝐂𝐌𝐁𝐔𝐈𝐋𝐃
𝐂𝐎𝐌𝐒𝐇𝐎𝐏 𝐏𝐑𝐈𝐂𝐄𝐋𝐈𝐒𝐓 >>>
https://pcmerchandise.live/2025-BERMONTHS-LIST-COMSHOP","𝐑𝐘𝐙𝐄𝐍 𝟓 𝟓𝟔𝟎𝟎𝐆 (8𝐏𝐂𝐒)
𝐂𝐎𝐌𝐒𝐇𝐎𝐏 𝐏𝐀𝐂𝐊𝐀𝐆𝐄
#𝐏𝐂𝐌𝐄𝐑𝐂𝐇𝐀𝐍𝐃𝐈𝐒𝐄 #𝐏𝐂𝐌𝐁𝐔𝐈𝐋𝐃
𝐂𝐎𝐌𝐒𝐇𝐎𝐏 𝐏𝐑𝐈𝐂𝐄𝐋𝐈𝐒𝐓 >>>
https://pcmerchandise.live/2025-BERMONTHS-LIST-COMSHOP",85,"09/02/2025 22:24",N/A,https://www.facebook.com/reel/1973063926896643/,0,0,Reels,,,,,Lifetime,2760,921,1855,1872,819,1184,,,,,396,239,14,12,2,0,20272.535,8.174
1169610545188836,100064197037125,"PC Merchandise","𝗔𝗠𝟱 𝗕𝘂𝗶𝗹𝗱 𝗟𝗶𝗺𝗶𝘁𝗲𝗱 𝗦𝗮𝗹𝗲! 🚨
Experience next-gen performance with our powerful AM5 builds.

📦 Free Shipping
💳 COD & Swipe on Delivery Available

𝘏𝘶𝘳𝘳𝘺—𝘭𝘪𝘮𝘪𝘵𝘦𝘥 𝘴𝘵𝘰𝘤𝘬𝘴 𝘰𝘯𝘭𝘺!",,0,"09/02/2025 21:31",N/A,https://www.facebook.com/pcmerchandise.co/posts/pfbid0zRo1eh1VcVrvbaYZPqv9vm6vnK4HsrATZYmUJshbPEJBQbk9sq7pN9WEz3dKRnqXl,0,0,Photos,,,,,Lifetime,2081,2081,0,907,907,0,0,0,0,0,0,0,19,16,0,3,,
1169572828525941,100064197037125,"PC Merchandise","𝐑𝐘𝐙𝐄𝐍 𝟕 𝟓𝟕𝟎𝟎𝐗 𝐰/ 𝐑𝐓𝐗𝟑𝟎𝟔𝟎
𝐆𝐀𝐌𝐈𝐍𝐆 𝐁𝐔𝐈𝐋𝐃
#𝐏𝐂𝐌𝐄𝐑𝐂𝐇𝐀𝐍𝐃𝐈𝐒𝐄 #𝐏𝐂𝐌𝐁𝐔𝐈𝐋𝐃
𝐏𝐑𝐈𝐂𝐄𝐋𝐈𝐒𝐓 >>>
https://pcmerchandise.live/LIST-PC-SET-2025","𝐑𝐘𝐙𝐄𝐍 𝟕 𝟓𝟕𝟎𝟎𝐗 𝐰/ 𝐑𝐓𝐗𝟑𝟎𝟔𝟎
𝐆𝐀𝐌𝐈𝐍𝐆 𝐁𝐔𝐈𝐋𝐃
#𝐏𝐂𝐌𝐄𝐑𝐂𝐇𝐀𝐍𝐃𝐈𝐒𝐄 #𝐏𝐂𝐌𝐁𝐔𝐈𝐋𝐃
𝐏𝐑𝐈𝐂𝐄𝐋𝐈𝐒𝐓 >>>
https://pcmerchandise.live/LIST-PC-SET-2025",54,"09/02/2025 20:39",N/A,https://www.facebook.com/reel/1312752853847851/,0,0,Reels,,,,,Lifetime,918,937,0,789,789,0,,,,,0,188,9,6,3,0,4287.172,5.338
1169543915195499,100064197037125,"PC Merchandise","𝐒𝐎𝐋𝐃 𝐑𝐘𝐙𝐄𝐍 𝟓 𝟓𝟔𝟎𝟎𝐆 (2𝐏𝐂𝐒)
𝐂𝐎𝐌𝐒𝐇𝐎𝐏 𝐏𝐀𝐂𝐊𝐀𝐆𝐄
#𝐏𝐂𝐌𝐄𝐑𝐂𝐇𝐀𝐍𝐃𝐈𝐒𝐄 #𝐏𝐂𝐌𝐁𝐔𝐈𝐋𝐃
𝐂𝐎𝐌𝐒𝐇𝐎𝐏 𝐏𝐑𝐈𝐂𝐄𝐋𝐈𝐒𝐓 >>>
https://pcmerchandise.live/2025-BERMONTHS-LIST-COMSHOP",,0,"09/02/2025 19:40",N/A,https://www.facebook.com/pcmerchandise.co/posts/pfbid0LNmTzDDA2kL4q1rswDFxjoNXpbvFuFtc4MzcCqFc1AfMAhzoLfH8DLB2whSvX6vQl,0,0,Photos,,,,,Lifetime,1785,1785,0,1068,1068,0,0,0,0,0,0,0,8,7,1,0,,
1168981141918443,100064197037125,"PC Merchandise","ito na po yung ghost project🥲",,0,"09/02/2025 02:12",N/A,https://www.facebook.com/pcmerchandise.co/posts/pfbid0BUCjtMg513ScdZ8Rrt88JT5C8HukJDf9enqVvz6tf2hJAqCKxdS5dKnPJ3NMvPaNl,0,0,Photos,,,,,Lifetime,34525,34525,0,20012,20012,0,0,0,0,0,0,0,235,208,5,22,,
1168945248588699,100064197037125,"PC Merchandise","𝐑𝐘𝐙𝐄𝐍 𝟓 𝟑𝟒𝟎𝟎𝐆 𝟏𝟎+𝟏
𝐂𝐎𝐌𝐒𝐇𝐎𝐏 𝐃𝐈𝐒𝐊𝐋𝐄𝐒𝐒 𝐏𝐀𝐂𝐊𝐀𝐆𝐄
#𝐏𝐂𝐌𝐄𝐑𝐂𝐇𝐀𝐍𝐃𝐈𝐒𝐄 #𝐏𝐂𝐌𝐁𝐔𝐈𝐋𝐃
𝐂𝐎𝐌𝐒𝐇𝐎𝐏 𝐏𝐑𝐈𝐂𝐄𝐋𝐈𝐒𝐓 >>>
https://pcmerchandise.live/2025-BERMONTHS-LIST-COMSHOP","𝐑𝐘𝐙𝐄𝐍 𝟓 𝟑𝟒𝟎𝟎𝐆 𝟏𝟎+𝟏
𝐂𝐎𝐌𝐒𝐇𝐎𝐏 𝐃𝐈𝐒𝐊𝐋𝐄𝐒𝐒 𝐏𝐀𝐂𝐊𝐀𝐆𝐄
#𝐏𝐂𝐌𝐄𝐑𝐂𝐇𝐀𝐍𝐃𝐈𝐒𝐄 #𝐏𝐂𝐌𝐁𝐔𝐈𝐋𝐃
𝐂𝐎𝐌𝐒𝐇𝐎𝐏 𝐏𝐑𝐈𝐂𝐄𝐋𝐈𝐒𝐓 >>>
https://pcmerchandise.live/2025-BERMONTHS-LIST-COMSHOP",90,"09/02/2025 01:03",N/A,https://www.facebook.com/reel/2022329291915883/,0,0,Reels,,,,,Lifetime,1334,969,372,1133,823,326,,,,,91,259,23,17,4,2,11808.762,9.94
1168902878592936,100064197037125,"PC Merchandise","malas naman🥹",,0,"09/01/2025 23:33",N/A,https://www.facebook.com/pcmerchandise.co/posts/pfbid0VJ6Uu1kTst4aS6dqg6zzUL79EwbrV2SRr5VgRe3xLPkBpomQQ8rqAu6td3VwTHtAl,0,0,Photos,,,,,Lifetime,3829,3829,0,2270,2270,0,0,0,0,0,0,0,54,47,1,6,,
1168884021928155,100064197037125,"PC Merchandise","Do you want an aesthetic build that matches your gaming needs? 𝐂𝐡𝐞𝐜𝐤 𝐭𝐡𝐢𝐬 𝐨𝐮𝐭: 𝐥𝐢𝐦𝐢𝐭𝐞𝐝 𝐬𝐭𝐨𝐜𝐤𝐬 𝐨𝐧𝐥𝐲!","Do you want an aesthetic build that matches your gaming needs? 𝐂𝐡𝐞𝐜𝐤 𝐭𝐡𝐢𝐬 𝐨𝐮𝐭: 𝐥𝐢𝐦𝐢𝐭𝐞𝐝 𝐬𝐭𝐨𝐜𝐤𝐬 𝐨𝐧𝐥𝐲!",53,"09/01/2025 22:52",N/A,https://www.facebook.com/reel/2077416219333238/,0,0,Reels,,,,,Lifetime,876,881,0,750,750,0,,,,,0,203,13,9,3,1,3678.582,4.638
